haversine_km,road_km,ratio
2.6479759762729516,3.2109,1.2125865297763647
2.6110453609444613,6.222,2.382953621973612
5.479222800616753,6.6345,1.210846910487598
5.51951643119554,9.7043,1.7581793841852964
5.20817004044346,8.2739,1.5886386073707188
9.372350694311375,11.157399999999999,1.1904590816018092
8.568937677711144,11.854899999999999,1.3834737100301295
13.208500038218803,15.0875,1.1422568767342476
13.108695152437155,17.8384,1.3608066853765763
11.696958518615313,15.116200000000001,1.292318851600874
17.77003267188623,19.577599999999997,1.1017199777563436
14.04498183096649,17.841099999999997,1.2702828821511036
15.750613805614936,20.2123,1.2832706235736995
16.877437779784593,20.2925,1.2023448265533463
16.0192728925364,20.9663,1.3088172066641357
18.32050412151122,23.1245,1.2622196336206772
18.972046031032985,25.109,1.3234734914161956
20.83011836647103,25.8508,1.2410299137622978
22.221250778499325,23.928099999999997,1.0768115727829404
18.185250784508682,23.752200000000002,1.3061244126604836
21.667083491681733,28.2059,1.3017857253759417
21.29234833831327,28.0202,1.3159750890220356
24.04883147931825,31.0718,1.2920295119836251
5.564308206576365,8.8106,1.583413368365702
3.20193670233814,4.8996,1.5301988938201625
6.408081981951035,9.370700000000001,1.4623252365362145
8.14812927974391,10.4428,1.281619331440972
11.963128635476556,19.0562,1.5929110670505542
3.7517044607194867,5.612,1.4958534337546816
6.228066148883841,8.807,1.414082604369631
6.624680834164184,9.752,1.472070918452086
7.3946822485424315,12.2627,1.6583133105438177
9.397534040526509,11.8275,1.258574850486772
11.245279922061549,13.9205,1.2378971529814986
8.807924774962547,10.9308,1.2410187733519191
14.315144016913633,16.2558,1.1355666405307165
9.509316194001467,12.1959,1.2825212403488324
13.604967958208018,15.978200000000001,1.1744386351428477
9.571945964429824,15.815700000000001,1.6522972506084452
9.32727837354883,13.009,1.3947262512173049
12.422022721726202,17.2849,1.391472257555011
10.856478191001214,18.0225,1.660068733425781
8.352536468564285,15.201799999999999,1.8200219846047594
12.707496482020755,17.5379,1.380122357288358
12.411078733526534,16.6232,1.3393839775663576
10.244905111277566,13.674,1.3347122156307425
13.63926290282241,18.4575,1.3532622790180648
17.98183756893898,24.5634,1.3660116718232242
18.21022871773034,24.665599999999998,1.3544914993837722
14.644642928436493,18.1225,1.237483227727616
15.694296490395427,24.0743,1.5339521599284782
21.994380523236835,28.2439,1.28414164564265
19.767796630064836,28.360799999999998,1.4346970747800019
23.168372874189977,31.968700000000002,1.3798422605505354
21.506068102528864,30.4211,1.414535648960529
12.81931818664213,21.853099999999998,1.7047006464642689
16.767596882892224,24.6992,1.4730315961496125
23.827278863652182,32.1882,1.3508970195124614
2.6479759762729516,3.7281999999999997,1.407943287026143
1.766219175745311,2.5369,1.43634495358113
2.8645700418652438,3.632,1.2679040648051496
2.8978221907465342,3.7601999999999998,1.2975951430033394
2.807558628740039,3.8301999999999996,1.3642457759533577
6.724579462905021,7.4211,1.1035783041805385
6.036553658501776,8.251,1.3668395025992084
10.562306052575746,12.183399999999999,1.1534791682190395
10.479994446663786,13.439,1.2823480077585525
9.153843918439327,11.5123,1.257646525609842
15.126284703917392,16.6735,1.1022865380605928
11.515350649372497,14.2373,1.2363757243272335
13.335318288879629,16.608400000000003,1.245444588589221
14.336123862835594,16.688599999999997,1.1640942949204611
13.412195078820176,17.3508,1.2936584875207682
15.70765905535052,18.7634,1.1945382780388654
16.41640479760641,20.7479,1.2638516323028988
18.225594781719206,21.4619,1.1775692512118672
19.581222238131392,21.0239,1.0736765940513773
15.817755747794566,20.1483,1.2737774132597306
19.373750730871873,24.602,1.2698625238734473
18.818232219575556,26.015400000000003,1.3824571668818941
21.498390304871812,26.0388,1.2111976585567559
4.805957945189027,6.628,1.3791215145015816
4.476706966081659,5.7797,1.2910606040981984
6.9574150244966,8.6223,1.2392964872213958
8.148299235084137,9.424100000000001,1.156572645175161
12.33151064671352,14.2778,1.1578305699152267
5.975376465415932,8.807799999999999,1.474015913637821
8.657030838421914,12.002799999999999,1.3864799865016981
7.715465935309183,9.963700000000001,1.2913931684153983
8.762975120395831,10.5153,1.1999691720595704
11.988385133782105,15.023299999999999,1.253154601920971
13.652043212019526,17.1163,1.2537537227343722
11.073471036854475,14.1266,1.2757156227694253
16.670063165678805,19.4516,1.1668582060353536
11.468883220613233,15.3918,1.3420487159844856
15.670924576475871,19.174,1.2235398049699446
10.266568265149022,12.219100000000001,1.1901834853111588
10.740169721120095,13.1795,1.227122135144947
13.895269619599812,17.4554,1.2562116805116532
8.68012521501015,11.2913,1.3008222485632421
6.722271291785576,9.6507,1.4356308427767384
10.963108435382217,15.1091,1.378176644795107
11.026657860054476,15.373700000000001,1.3942302549980496
9.594026726081372,11.2343,1.170968178508357
12.68655883834126,15.7645,1.242614344904672
16.298567787138474,21.8704,1.3418602349378435
17.212093348969947,21.9726,1.276579179214999
14.238131878334038,17.1038,1.2012671427792159
15.740483783661672,27.8935,1.772086575188555
20.635029890342725,25.550900000000002,1.238229367041427
19.281555563350388,25.6678,1.3312100217053198
22.521444723443715,29.2757,1.2999032859346469
22.475374497822656,30.5916,1.3611163632874557
15.240460593166006,25.363400000000002,1.66421479488443
19.257018970909375,27.8223,1.44478748460651
26.333689884158925,33.899699999999996,1.2873129496520888
2.6110453609444613,3.3358000000000003,1.2775725959787165
1.766219175745311,2.2300999999999997,1.2626405774690674
4.109784376781039,5.6864,1.383624900645964
3.635917656727567,4.6628,1.282427282524505
2.935708420680382,3.5141999999999998,1.197053486390023
7.555132230871625,10.6132,1.4047669419514013
6.301563659793451,8.1619,1.2952182094225682
11.245332002824647,15.093399999999999,1.3421924756164407
11.012835064787986,14.1454,1.28444673118078
9.395086537398916,11.423200000000001,1.215869588271252
15.740353263635384,18.5503,1.1785186577010553
11.701784396961788,14.148200000000001,1.2090634658824677
13.277179503583755,16.519299999999998,1.2441874417334748
14.536113327919985,16.5995,1.141948994585561
13.82044699884326,17.2733,1.2498365647251306
16.12778857123001,19.4315,1.2048459039612787
16.64554857472294,21.416,1.2865902198333803
18.602695230271408,22.157799999999998,1.191106972711326
20.140264052045712,23.5285,1.168231952629744
15.67186643101644,20.0592,1.2799496529845684
19.110946788301806,24.512900000000002,1.2826627728880937
18.85418103515242,24.3272,1.290281447634532
21.700181164829516,27.3788,1.2616853192163244
3.2482932522036205,4.5821000000000005,1.4106177134381368
2.959093215001536,4.6495,1.5712583761906218
5.192906823555664,6.5764,1.2664197959741237
6.426365200946372,7.3782,1.1481140223579975
10.57895191168361,12.2319,1.1562487571657112
4.8644702612719035,6.7432,1.3862146621977434
7.6308088702977335,12.359200000000001,1.6196448122435778
6.006973445164561,7.8724,1.3105434994617886
7.1055617617495175,8.8858,1.2505415191567
11.173630881825087,15.379700000000001,1.3764281425312217
12.515222525945262,17.4726,1.3961078170026635
9.828186423171823,14.483,1.4736187711960334
15.453001243351427,19.808,1.2818221967413799
10.008309358427942,12.044799999999999,1.203479985344092
14.234665197709894,19.5304,1.3720308647049946
8.50132635586732,10.173200000000001,1.1966603297118235
9.073416547799011,12.0494,1.327989290089728
12.22472932203882,14.8185,1.212174078430114
8.285090235713962,13.6961,1.653102091871151
5.757048656049977,9.321,1.6190587498691245
10.108415326341643,13.2115,1.3069803300990206
9.895921533032865,12.296700000000001,1.2426028196518404
8.067304684872363,9.1885,1.138980162386835
11.312555425432242,14.1311,1.2491518908478687
15.400127948041629,20.237,1.3140799913012058
15.875601247742118,20.3392,1.2811609262920176
12.649928921581752,15.0579,1.1903545145071972
14.04118735505182,17.4129,1.240130165611321
19.51032956276306,23.9174,1.2258839566527961
17.733407883822842,24.0344,1.3553176105493625
21.038250151449933,27.6423,1.313906803132813
20.71359651360197,25.2316,1.2181177702979393
15.374165578901659,25.921,1.6860102011371607
19.26990427160995,28.379900000000003,1.47275770548646
26.304118171268566,34.457300000000004,1.3099583789749312
5.479222800616753,6.590199999999999,1.2027618222164997
2.8645700418652438,3.3579,1.172217802645708
4.109784376781039,6.6742,1.6239781429184181
1.1880781517167134,2.0465999999999998,1.7226139518202277
2.274643814775368,2.4427,1.0738824180440876
3.9636306243934705,4.6886,1.1829053825411562
3.9532399836070202,6.325699999999999,1.6001305324824466
7.829943166422128,9.340200000000001,1.1928822216813078
7.857765966247441,10.595799999999999,1.3484494251309618
6.857690016528651,9.587,1.3979926151361564
12.399979657545797,13.8303,1.115348603945798
9.200822049312574,12.312,1.338141302376332
11.25631457392813,14.6831,1.304432272531632
11.952388259176585,17.7848,1.487970405106738
10.849123960170383,14.5076,1.3372139587731433
13.111976624974927,15.920200000000001,1.2141723902768506
13.97892535321241,17.904700000000002,1.280835224997137
15.645882119241021,18.6187,1.1900064092329483
16.868572398980476,18.1807,1.077785337726554
13.795848987948435,18.223,1.3209045717968475
17.447053903321127,24.7045,1.415969718262714
16.54975265512315,23.1722,1.4001538562467157
19.04745657913146,23.195700000000002,1.2177846372104815
6.034358484243548,8.2674,1.3700545006709826
7.066466209863782,8.6249,1.2205393394453463
8.93211666602112,13.7994,1.544919364129516
9.595115987119724,14.0106,1.4601803687217043
13.859470258319773,17.2278,1.243034522885767
8.793562817641408,10.9385,1.2439212895659852
11.505216277019331,14.1335,1.2284427914867135
9.9841986365907,17.171599999999998,1.719877641162754
11.147871171447111,18.0876,1.6225160590595555
14.851431574586588,17.154,1.1550401665892944
16.48342766044709,19.247,1.16765762537268
13.862243614212058,16.2573,1.172775522667373
19.477207297632155,21.5823,1.108079801698458
14.11727385608329,17.5225,1.2412098949578259
18.342486466543097,21.3047,1.1614946555288463
12.142005737077264,17.042099999999998,1.4035654708974177
13.092629095685451,18.3355,1.4004444688685396
16.22435348815415,22.7943,1.4049435015480123
7.277729593198056,9.5777,1.3160285604663786
6.493795614506067,7.9371,1.2222589793663707
10.162691360284665,13.3955,1.3181055613229586
10.740631009142282,13.6601,1.271815407155567
10.292991243254136,11.6969,1.1363946323830756
12.859618553047582,14.0509,1.092637385940977
15.389694975960422,20.1569,1.3097660500410322
17.17584257130529,20.2591,1.1795112767187175
14.957238343368125,17.8725,1.194906411846039
16.86707582792676,26.18,1.5521362604331133
20.076915224304457,23.8373,1.187298931817142
19.78137608589725,23.9542,1.2109470997357805
22.788008336380127,27.5622,1.2095045601680807
24.317005553807245,29.8893,1.22915216406324
17.67826733519964,27.7849,1.5716981462700699
21.758972060807753,30.2438,1.3899461755583167
28.838949412595706,36.3212,1.2594494854981209
5.51951643119554,6.4222,1.1635439589784746
2.8978221907465342,3.5296999999999996,1.218052650459786
3.635917656727567,6.5151,1.7918722630984394
1.1880781517167134,1.7047999999999999,1.4349224396868585
1.1643823251355119,1.9490999999999998,1.6739347187987947
3.9366965355359396,4.5887,1.1656219773555132
3.2092144627879096,5.2068,1.6224531144225083
7.711573110711887,9.8885,1.2822934903209589
7.589349633800075,11.1441,1.4683866915774204
6.289132699560268,8.4681,1.3464654674232082
12.260422215798776,14.3786,1.1727654844930007
8.653956236411695,11.193100000000001,1.293408435890259
10.567266549726769,13.5643,1.2836148247202794
11.462141928952777,13.6444,1.1903883309571444
10.51438432059543,14.318299999999999,1.361782065731943
12.810461706543709,16.4685,1.2855508550162347
13.532887023660322,18.4531,1.3635745253571825
15.327774010218251,19.167,1.2504751170797752
16.704856348567645,18.7291,1.1211769565205463
13.083318655091775,17.104200000000002,1.3073288552322602
16.69499440512587,21.5579,1.2912792587328494
15.98434032071066,23.720599999999997,1.4839899253937672
18.615150758229856,23.744,1.2755201560483014
5.018528389924628,7.7766,1.5495777637947756
6.551971412656916,8.473700000000001,1.2933053986821041
8.063380347465692,13.3086,1.6504988511651781
8.561240745854962,13.5199,1.5791986700696203
12.812986059845631,16.737099999999998,1.306260689102915
8.485240272197485,11.327200000000001,1.3349297882718072
11.243287479132107,14.522200000000002,1.2916328989144552
9.221541247167401,16.680799999999998,1.8088950158005173
10.430201825439557,17.5969,1.6871102107612783
14.719775131037581,17.5427,1.1917777169713757
16.15056199941237,19.6357,1.2157905093775951
13.460236945862073,16.646,1.2366795671540753
19.084798602431928,21.971,1.1512303827612984
13.554940577854923,17.9112,1.3213779800157899
17.781973174566524,21.6934,1.219965848954714
11.201345203718313,16.5514,1.4776260974892306
12.339815927027502,17.9997,1.4586684360968332
15.440666469158899,22.3036,1.4444713280057624
6.279373617286119,8.967600000000001,1.4281042260829364
5.306900463957842,7.3723,1.3891913085744594
9.047021534121066,12.9048,1.4264142017711825
9.567149006350226,13.1693,1.3765124794501302
9.13273719373183,11.206100000000001,1.227025344350345
11.671581888198398,13.5602,1.1618133797023058
14.310978520314295,19.6661,1.3741967379857472
15.995395416376592,19.7683,1.2358744179440908
13.787216268231166,17.381700000000002,1.260711347514823
15.737307985549537,25.6892,1.6323757547090383
18.9476882843809,23.3465,1.2321555880378907
18.59613343549055,23.4635,1.2617407850612712
21.600297260399735,27.0714,1.2532883077322527
23.32164837078751,29.3985,1.2605669862008682
18.09658245646756,27.956799999999998,1.544866278881761
22.134040858255233,30.4157,1.374159386204259
29.213703532617043,36.4931,1.2491774608192188
5.20817004044346,7.6692,1.472532567186879
2.807558628740039,4.1434,1.4758017722534444
2.935708420680382,4.5603,1.5533899647101537
2.274643814775368,2.6751,1.1760522604125514
1.1643823251355119,1.4284000000000001,1.2267448321441685
4.728678936224098,6.0215,1.2734000513065566
3.387934026658905,4.2148,1.244062005586493
8.325600751172788,11.321399999999999,1.3598297994778583
8.077144694133,10.1983,1.2626120227124003
6.507186026836227,7.476100000000001,1.1488990739111935
12.805990199536456,14.6031,1.1403335292673107
8.8436648914065,10.2011,1.1534923728184836
10.564239334142998,12.5722,1.190071485730865
11.678562884586631,12.6524,1.0833867253220548
10.898189507370855,13.3262,1.222790261720719
13.20571006646422,15.484399999999999,1.1725533819890905
13.779317844521689,17.4689,1.2677623230053583
15.691677438003888,18.2107,1.1605323950832214
17.205050997140884,19.581400000000002,1.1381192652816907
13.028705100174529,16.1121,1.2366616541028448
16.569991887615455,20.5658,1.2411472582174916
16.087279150924775,20.3801,1.2668456740758707
18.850532581266712,23.4317,1.2430258879415408
3.85999769892356,6.1603,1.5959335938769932
5.700031248578676,7.2154,1.265852709456494
6.953227188555489,11.6942,1.681837754308936
7.39757055589723,11.9055,1.60937971595406
11.64860458804952,15.1227,1.2982413374658288
7.775261617044525,11.516200000000001,1.4811334418323345
10.543404580172359,16.3641,1.5520698153586825
8.16495258978065,15.0664,1.8452526005916166
9.395950258604817,15.9825,1.700998787787666
14.10832223686624,19.3846,1.3739833606398923
15.367408427093306,21.4776,1.3976071568537347
12.63405074317469,18.4879,1.4633390648670415
18.248062873150264,23.812900000000003,1.3049549514122782
12.611148429160275,18.826,1.4928061552641283
16.828862631098655,23.5353,1.3985080582040215
10.056340863389481,14.937,1.4853315140081176
11.279149322921036,16.3853,1.4527070731036826
14.358184805961002,20.6892,1.4409342322582857
5.886954253531584,7.4707,1.2690263382832176
4.368382439174097,5.83,1.334590109995553
8.36198575314717,11.2904,1.3502056010739643
8.694431176306866,11.555,1.3290116127997482
8.02217628347949,9.591700000000001,1.1956481210407601
10.679748247963117,11.945799999999998,1.1185469659622687
13.68187093367028,18.0517,1.3193882684257623
15.072649493716801,18.1539,1.204426601147174
12.692913133579642,15.7674,1.2422207442897149
14.595489101797599,24.0748,1.64946853319461
18.192581481311827,21.7321,1.1945583435931901
17.552097096738663,21.8491,1.2448142167615834
20.61117909615549,25.457,1.2351064381730776
22.160753636077846,27.7841,1.2537524876756587
17.98836197435843,29.4102,1.634957092920571
21.968070010194488,32.2564,1.4683310816576567
29.032920712032833,36.9231,1.2717666391964844
9.372350694311375,10.486799999999999,1.1189081951836317
6.724579462905021,7.2545,1.0788035207284252
7.555132230871625,10.630799999999999,1.407096484236324
3.9636306243934705,4.6558,1.1746301412010227
3.9366965355359396,5.2206,1.3261372709007326
4.728678936224098,6.3945,1.352280433127921
2.441449968666533,3.8258,1.5670196191198498
3.8663340598446845,4.9077,1.2693419461527722
3.959945397112654,5.028899999999999,1.269941753153152
3.5693783853304706,5.699,1.596636552577868
8.436529361134955,9.3978,1.1139414796910903
5.673347187923675,8.139800000000001,1.4347438523287335
7.977637827501109,11.024899999999999,1.3819754968061022
8.245611536934549,13.3523,1.6193219799636538
6.97005911727567,10.0752,1.4454970654449788
9.194234427534157,11.4877,1.2494460621536423
10.18750478001846,13.4722,1.3224239193903564
11.730098368004604,14.186200000000001,1.2093845724853203
12.90494181284506,13.7482,1.0653438193975888
10.502900596896627,16.5117,1.5721085663591676
14.19132522070608,20.272,1.4284782911198324
12.906142055771895,18.7398,1.4520063330326642
15.213150863447934,18.7632,1.2333539691032471
8.19150846459851,11.2739,1.376291076145835
10.418471101322575,12.5215,1.2018558076540093
11.460311922537132,15.9664,1.3931907009094122
11.446125248922588,16.1777,1.41337785916005
15.497647329011492,19.3949,1.2514738262041152
12.41590929944631,14.8351,1.1948460352123846
15.177347577745143,18.030099999999997,1.1879611972804724
12.78826269057177,19.3386,1.5122147916352633
14.046355043124116,20.2547,1.4419897502103192
18.651339536073944,21.0506,1.128637434286454
20.06435668426419,23.1436,1.1534683301434108
17.350114618680813,20.1539,1.1616003953253635
22.969366735973743,25.478900000000003,1.1092556574533647
17.329895786474186,21.4191,1.2359624237739155
21.540269632214706,25.2013,1.1699621420852604
14.327994000781073,19.2092,1.3406761615724319
15.875519557103022,20.6575,1.3012172562728772
18.886559297118055,24.9614,1.3216488830662196
5.611838406070592,11.072700000000001,1.973096728519862
6.853006878278584,8.6151,1.25712700322928
8.95065135803812,13.4908,1.5072422620823684
10.206805971747043,13.2194,1.2951554126327052
11.142834768426912,13.864,1.2442076265263735
12.755384120355941,16.218,1.2714630815482986
13.592279428316314,20.274,1.4915820489802392
16.51461043827999,22.426099999999998,1.357955132142717
15.45124194840068,20.0396,1.2969572327533354
17.820374939809675,28.347,1.5907072716340251
18.58194305414181,30.5073,1.6417712567039697
19.757780416819617,26.121299999999998,1.3220766426659532
22.350644398640434,36.3285,1.6253893781339845
26.085470548825025,32.056400000000004,1.2288986675551432
21.60294624727644,31.9117,1.4771920290281342
25.697645561153553,34.370599999999996,1.337499963496933
32.774019312963375,40.447900000000004,1.2341452421125936
8.568937677711144,11.2814,1.316545927197522
6.036553658501776,8.6588,1.4343946049092262
6.301563659793451,8.1724,1.2968844625252696
3.9532399836070202,5.8173,1.471527158513704
3.2092144627879096,4.115399999999999,1.282369890737956
3.387934026658905,4.5462,1.3418797308999986
2.441449968666533,2.9528000000000003,1.2094452222638645
5.169105474229872,6.9171000000000005,1.3381618994784694
4.774250607669989,5.9691,1.2502695167301119
3.128054404004372,4.3055,1.376414679517186
9.51050594768459,10.9095,1.1470998556765537
5.482059262155925,6.7463,1.230614204879443
7.360726798575386,9.6314,1.308484917802422
8.31030753114605,9.1976,1.1067701123608822
7.519017039952079,9.8715,1.3128710771033063
9.826260108885858,12.0296,1.2242297544232184
10.403126274923615,14.0142,1.3471142836918895
12.305229415952178,14.7559,1.1991568382195976
13.862991597811309,16.1993,1.1685284439296313
9.883863210555116,12.633299999999998,1.2781743060252715
13.513684786157476,17.087,1.2644219744937955
12.786694526576277,16.9013,1.3217880481051452
15.48050675347211,19.952900000000003,1.2889048348191046
6.128082180642978,8.5882,1.4014498740124433
8.895636493816115,13.867,1.5588541651448748
9.41435552568133,13.280700000000001,1.4106860489570112
9.16955298111162,13.492,1.4713912475114324
13.131329398314012,16.7092,1.2724682698269199
11.077010100348227,15.1283,1.3657385759289333
13.835129994671565,19.9763,1.4438823493305544
10.836866541409714,16.652900000000002,1.5366895897782007
12.117474884162611,17.569,1.4498895329226111
17.44648870068482,22.9967,1.318127698618079
18.55320122336796,25.0897,1.352311102431167
15.777122003488383,22.1,1.4007624454646168
21.346129194320095,27.425099999999997,1.2847809432024533
15.53881932554152,20.4125,1.313645494702902
19.697941914537857,27.1474,1.3781845899324208
12.102333921594475,16.5235,1.365315162104124
13.859078783658461,17.971700000000002,1.29674564092895
16.784436925301335,22.275599999999997,1.327158015436379
3.5705487915692786,7.5246,2.1074071352188106
4.420700616081419,5.9293000000000005,1.3412579848611934
6.798417374601634,10.805,1.5893404897979126
7.873737501806452,10.533700000000001,1.337827175160879
8.710567016417365,11.1782,1.2832918889128262
10.367120213678344,13.5323,1.305309451524014
11.76262323802278,16.7415,1.4232794557155377
14.263405152556818,19.7404,1.3839892920984154
13.015713562408504,17.3538,1.3332960898986432
15.380657995436346,25.6613,1.6684136665423588
16.635441387322775,23.3186,1.4017421874823353
17.385203436836893,23.435599999999997,1.3480198885877364
20.065752130083276,27.0435,1.3477441475744856
23.705488626064447,29.3706,1.2389788906399803
21.275648647019622,33.0223,1.5521171903083621
25.29128866895114,35.8685,1.418215594685532
32.365651710389415,41.4385,1.280323361654979
13.208500038218803,14.6324,1.1078017910937004
10.562306052575746,11.9662,1.1329154770214123
11.245332002824647,15.0387,1.3373282350598916
7.829943166422128,8.9306,1.1405702200110368
7.711573110711887,10.1748,1.3194195080464874
8.325600751172788,11.4124,1.3707599416645566
3.8663340598446845,6.063,1.5681521322664906
5.169105474229872,7.8302,1.514807550172227
0.9927419889897624,2.1584,2.174180224004062
3.0774193386463646,4.5169,1.4677557729219983
4.57113796308663,5.4706,1.1967698293459543
3.340910828435235,5.331600000000001,1.59585223126028
5.67545705864634,8.216700000000001,1.4477600508812194
5.0105104651817465,6.6152,1.320264680808335
3.3713245616403267,4.9232,1.460316237723669
5.431647801989796,7.5605,1.3919348742071114
6.675130156283371,9.545,1.4299346644222644
7.951502197143003,10.259,1.2901964617058257
9.038672624488298,9.821,1.0865533478214664
7.892563801935786,11.2186,1.4214139133406114
11.439661452169418,16.3448,1.428783541221001
9.588700601997871,14.8126,1.5447974250977963
11.550635129476111,14.836,1.284431534170788
11.273854567474462,18.092299999999998,1.6048016134780587
13.993681161636488,21.6784,1.5491563477543764
14.547248594863989,21.0921,1.4499030426583015
14.1048440477071,19.1478,1.3575336200269927
17.801151873373257,21.9257,1.23170119304449
16.10018171140613,18.980700000000002,1.1789121601374957
18.86850635377037,22.1757,1.1752758583123764
15.99414484275103,24.464299999999998,1.529578495163364
17.277071231130737,25.3804,1.4690221311508087
22.408815634787256,25.1962,1.124387848543215
23.669180064485744,27.2892,1.1529423463614563
20.90990423551244,24.2995,1.1621047961917885
26.497026384785936,29.6245,1.118031116767495
20.707822421195402,25.564700000000002,1.2345431344743116
24.864342343102738,29.3469,1.180280563830827
17.07661482365535,21.543400000000002,1.261573222940945
18.98868510755373,25.7832,1.357819135656918
21.85597305896522,27.2956,1.2488851412087312
6.373284185811809,8.2646,1.2967568617760108
9.03787903710246,13.7693,1.5235101004864113
9.352393162073337,12.4579,1.3320547782914423
11.098413603655334,14.158,1.275677813569407
13.108489865661404,16.3948,1.2507008944598044
13.780777674842554,19.1214,1.3875414327964233
12.796321544714607,17.465799999999998,1.3649078712947842
16.75342332236595,22.2544,1.328349410850868
16.826305755453994,23.6672,1.4065594875053684
19.48044670692558,28.1753,1.4463374697656843
17.847725710757942,26.580099999999998,1.489270982239407
20.469968793726025,25.9496,1.2676912339970672
22.577795684370603,32.4013,1.4350958106344138
28.22862921332129,39.0711,1.3840948387802718
25.44483430034376,36.0574,1.417081344464203
29.547655812201693,38.5163,1.3035314965356646
36.620215898859854,44.5937,1.2177344918763406
13.108695152437155,17.1005,1.3045158042919849
10.479994446663786,13.5271,1.2907545007627588
11.012835064787986,13.9916,1.2704812083072234
7.857765966247441,10.4915,1.335175932328044
7.589349633800075,11.0387,1.454498808545838
8.077144694133,10.3653,1.2832876458842006
3.959945397112654,5.5411,1.3992869709870812
4.774250607669989,6.7831,1.420767479005549
0.9927419889897624,1.8263,1.8396522160390192
2.2441940657289803,3.4697,1.5460784131754395
4.738334848850897,6.160100000000001,1.3000558627666212
2.398940116061824,3.9646999999999997,1.6526881906950546
4.78518000848085,6.5119,1.3608474474228465
4.40882021315066,5.5632,1.261834171283748
3.010118258489011,3.7995,1.2622427671354133
5.254234665134132,5.5645,1.0590505286954
6.253822628529863,7.5584,1.2086047924542456
7.788362691146035,9.8141,1.260097967851043
9.132279096543929,11.1383,1.2196626802848416
7.098897638814201,9.3829,1.321740427513379
10.707986629702994,13.8367,1.2921850277267097
9.063165693661658,12.825899999999999,1.4151677717830775
11.255512603667784,12.8493,1.1416006051837084
10.771462906358238,17.374299999999998,1.6129935321732576
13.668915950481898,20.9604,1.5334354294029469
14.015625247831862,20.3741,1.4536704313745659
13.454989987738742,18.4298,1.3697371768239666
17.050967512195758,21.2077,1.2437827932538799
15.833045757154126,20.947400000000002,1.3230177137923678
18.596469834150927,25.7954,1.387112727848423
15.494270474719851,23.746299999999998,1.5325858702895367
16.77968602729432,24.6624,1.4697772032136616
22.18450721837001,28.815900000000003,1.2989199947672867
23.326582177981066,30.9088,1.3250462397005638
20.547330883169984,27.9191,1.3587701565106018
26.10456910286542,33.2442,1.2735011970127055
20.256353146680077,27.5059,1.3578900308868327
24.379429299912488,32.9666,1.352230177107482
16.43144183405299,20.825400000000002,1.2674116009004668
18.442454817974077,25.0652,1.3591032347587142
21.25433645710889,26.577599999999997,1.2504554095882228
5.510459719618219,7.546600000000001,1.369504611953293
8.344545155612517,12.9625,1.5534100131606887
8.402957045130496,11.739799999999999,1.3971034169219276
10.180637226631957,13.44,1.320153120164398
12.322049212922462,15.6767,1.2722477997863721
12.86169581377834,18.4034,1.4308688579219082
11.80834906995256,16.747799999999998,1.4183015678810114
15.77170554661361,21.5364,1.3655086278620099
15.933979497561543,22.9492,1.440267950860112
18.61661219135209,27.4573,1.4748816657820614
16.86236014048389,24.069,1.4273802599088186
19.508635581531472,25.2315,1.2933503163022984
21.59151582015648,29.8902,1.384349308726921
27.422437117448435,38.3531,1.3986028971727158
25.53415351931352,38.8414,1.5211547925652262
29.616602387005717,41.687599999999996,1.4075753678717189
36.69671329121089,46.1546,1.257731166105667
11.696958518615313,14.5524,1.244118287402691
9.153843918439327,11.929799999999998,1.303255780445288
9.395086537398916,11.4435,1.2180302921582455
6.857690016528651,10.1917,1.486170995690327
6.289132699560268,8.4906,1.3500430672409978
6.507186026836227,7.8172,1.2013180455824
3.5693783853304706,5.2635,1.4746265124572044
3.128054404004372,4.235,1.3538767083393992
3.0774193386463646,4.1063,1.3343322921361116
2.2441940657289803,3.1584,1.4073649192072248
6.700927544146886,7.679399999999999,1.1460204500655715
2.3648265271278657,3.0435,1.2869865781218204
4.462391502291688,5.4146,1.2133852435895192
5.183680690639005,5.494800000000001,1.0600189957538921
4.486994604204177,6.168699999999999,1.3747955021430416
6.777002133445479,8.326799999999999,1.2286848721658274
7.275221308673027,10.311399999999999,1.41733145460571
9.216676722514517,11.0531,1.199250047796454
10.899771919271029,12.4965,1.1464918800645656
7.007708112812396,8.4207,1.2016339528474638
10.692107772881066,12.8744,1.2041030892574793
9.706079342529826,12.6887,1.3072940733547285
12.352629092568106,15.7403,1.2742469543969444
8.741494699472161,16.1478,1.8472584558079128
11.864092969491832,16.882900000000003,1.4230249243169188
11.931947051890155,19.147599999999997,1.604733906103514
11.263802365578325,17.2033,1.5273084027621535
14.809656166851203,19.9812,1.3492008035084828
14.100877453876315,18.3993,1.3048336928098083
16.83956872258918,23.2473,1.3805163530592839
13.440646478216657,22.5198,1.6754997638318951
14.724576047697822,23.4359,1.5916179809920021
20.486424521028056,26.267799999999998,1.2822051975461952
21.448785537460644,28.3607,1.3222520198389596
18.650048900519874,25.371,1.360371768209829
24.15447452302019,30.696099999999998,1.2708245824493252
18.245312756666653,26.636200000000002,1.4598927601428704
22.322319419836482,30.4185,1.3626944148540827
14.239145875865583,19.5989,1.376409805114705
16.331254471109947,23.8386,1.4596919080631912
19.089497118627403,25.351,1.3280077438636486
3.295884916614194,6.3201,1.9175730220861384
6.136397492516205,10.414399999999999,1.6971521177859057
6.365278906897755,10.5133,1.651663682577558
8.045004676569155,12.2135,1.5181470354605844
10.077891280623703,14.4502,1.433851546680478
10.725667018015598,17.1769,1.6014761572542249
10.348342126811403,15.5213,1.4998827647750492
13.884380461176345,20.309900000000003,1.462787630805045
13.751818513869525,21.7227,1.5796238132499616
16.403958479948454,26.2308,1.5990530597881898
15.403242455633203,23.1068,1.5001257083731412
17.490917182706927,24.005,1.372426600003199
19.737978248378496,27.1107,1.3735297333315881
25.181569604768736,37.126599999999996,1.4743560700429563
24.38400645853693,36.2933,1.488405937790161
28.410827983857068,39.1395,1.3776261650043753
35.48729615708542,44.7095,1.2598733868619425
17.77003267188623,21.4764,1.2085740300285195
15.126284703917392,16.6807,1.1027625306880577
15.740353263635384,18.3675,1.1669051953512415
12.399979657545797,13.645100000000001,1.1004130955728226
12.260422215798776,14.889299999999999,1.2144198411710203
12.805990199536456,14.741200000000001,1.1511175450168307
8.436529361134955,10.7775,1.277480292980349
9.51050594768459,11.159,1.1733340015119542
4.57113796308663,4.9337,1.0793154877059437
4.738334848850897,6.3293,1.335764609699319
6.700927544146886,7.8456,1.170822986565936
5.0760565996447795,8.1791,1.6113098503614736
5.921926439023917,8.9471,1.5108428130820735
3.733433561683646,5.5808,1.4948170116848838
2.5351975661017856,3.392,1.3379627865514503
1.8641641413451928,3.7163000000000004,1.9935476268298427
3.7504406780581716,5.7008,1.5200347077484362
3.802850549576892,5.3487,1.4064975549972902
4.46999700160576,5.927,1.3259516724218918
6.776902517900168,8.7403,1.2897190090773496
9.408524499765123,12.5005,1.3286355368806306
6.6238513919383415,10.9683,1.6558795406172813
7.569813167064813,10.3355,1.3653573439524636
15.431924222357098,21.742,1.4088975351823683
18.40610243136397,25.3281,1.376070794696924
18.63284113620589,24.741799999999998,1.3278597621875095
17.896989972756693,22.7975,1.2738175544995556
21.206834423545565,36.0784,1.7012628702350223
20.569602196177062,23.6952,1.15195227277676
23.333923100750937,26.8903,1.152412300490294
20.1396190261094,28.114,1.3959549067711983
21.42405635631317,29.030099999999997,1.35502350802235
26.91396726985575,29.910700000000002,1.1113448901864669
28.058099994985096,32.0037,1.1406224942430212
25.273993099151813,29.014,1.1479784728189113
30.81621072255983,34.3391,1.114319353185794
24.934752939792524,31.8736,1.278280160904823
29.02281962495373,34.0615,1.1736109874973701
20.861109204226796,25.193099999999998,1.2076586989389553
23.02638531358933,29.4328,1.2782205977691965
25.74445895540595,30.9452,1.2020139966274945
9.56501342617344,11.914299999999999,1.2456124700670086
12.76785040221206,17.3384,1.3579733043391613
11.711427305668995,16.1075,1.375366091561108
13.674051268376779,17.8077,1.3022987591967627
16.41811422928926,20.044400000000003,1.220871028186757
16.25107054184246,24.1489,1.4859882576857073
13.453156519367251,16.702599999999997,1.2415376254602275
18.252370898980505,26.0078,1.4248998195326328
19.44847097821434,27.4402,1.410918114371962
22.267015606472835,31.9483,1.434781407828757
18.176079048993213,22.7359,1.2508693397908257
22.289774820710498,29.7225,1.3334589621956792
23.801370650607907,28.5571,1.1998090538231514
31.291540589635076,42.8441,1.3691911357727002
29.98140369089524,43.495,1.4507326090675523
34.092311743476884,45.953900000000004,1.347925606974795
41.15882853136209,55.583400000000005,1.3504611764556593
14.04498183096649,17.8053,1.2677339290495007
11.515350649372497,15.1827,1.3184748308838818
11.701784396961788,14.696399999999999,1.2559110218964318
9.200822049312574,13.4445,1.4612281302630439
8.653956236411695,11.7435,1.3570094046222452
8.8436648914065,11.0701,1.25175480255442
5.673347187923675,8.8933,1.567557864064857
5.482059262155925,7.4879,1.3658918377061176
3.340910828435235,6.0861,1.8216888485019862
2.398940116061824,3.6772,1.5328435984623945
2.3648265271278657,4.1745,1.7652457599374205
5.0760565996447795,7.5323,1.4838881033216036
2.4212388738856823,3.3701999999999996,1.3919320544326939
2.8358368216200422,3.0402,1.0720645055533238
2.572196694042798,3.9555,1.537790639868611
4.688086570589753,7.948300000000001,1.6954251762036292
4.943824103987043,5.9215,1.1977570147013303
7.00262719633498,10.6746,1.524370739825597
8.891569942556139,12.118,1.3628639349730325
4.863400972389675,6.7553,1.389007412374786
8.540100494139928,11.209,1.3125138290458556
7.34971736917517,8.5732,1.1664666230508585
10.007067213918496,14.0749,1.4064959991898216
10.774875786477217,15.849,1.4709218290841883
14.070041414878704,19.435,1.3813036811283292
13.851230276723642,18.8488,1.3608033094124892
12.938695045159541,16.904400000000003,1.3064996076496957
16.13744254198306,19.6824,1.2196728167300614
16.338575713285724,24.6372,1.5079160162024554
19.0545472191241,27.8085,1.459415418283463
15.394719823124088,22.221,1.4434169803221946
16.66789172518689,23.137,1.38811796845534
22.725258844498374,30.829,1.3565962091324424
23.565518551183846,32.922,1.39704118661739
20.757476659054788,29.932299999999998,1.442000898839647
26.19577109751632,35.2573,1.3459157155080967
20.232393795796575,25.9806,1.2841090511691036
24.230107053209434,29.8474,1.231831123752568
15.88026818377134,19.3,1.2153447143747493
18.168944525741086,23.5398,1.2956063554847495
20.787692237184412,25.0522,1.205145800416814
4.534089038786152,6.021199999999999,1.327984507691091
7.851616097135008,11.526,1.4679780388404045
6.736781881627634,10.2145,1.516228397991733
8.662355342538365,11.9147,1.375457312572978
11.34800180886385,14.151399999999999,1.2470389270599544
11.289153619228772,16.878,1.4950633651801644
9.52516161870644,15.2225,1.59813561274431
13.762331957898029,20.011,1.4540413689495362
14.460039576659847,21.4238,1.4815865396786643
17.247421598700843,25.931900000000002,1.5035232861677896
14.554033216562328,21.4413,1.4732204936567026
17.642160524871766,23.7062,1.3437243112360984
19.517503490059678,27.2625,1.3968231138723695
26.23537883588253,36.8278,1.403745691281197
26.748313823339803,40.8546,1.5273710436413177
30.77208765724972,43.7007,1.4201408915363067
37.8473462865735,51.189699999999995,1.352530759023381
15.750613805614936,19.7166,1.2517988342124946
13.335318288879629,17.094,1.2818591674901942
13.277179503583755,16.6077,1.2508454823192892
11.25631457392813,15.3559,1.364203167843881
10.567266549726769,13.6549,1.2921884704756563
10.564239334142998,12.981399999999999,1.2288059357047014
7.977637827501109,10.8046,1.3543608062468788
7.360726798575386,9.3992,1.2769391199003808
5.67545705864634,7.9974,1.4091199911056096
4.78518000848085,7.0495,1.473194318187834
4.462391502291688,6.0858,1.3637978641888775
5.921926439023917,9.6204,1.6245389231119334
2.4212388738856823,3.0129,1.2443629715744655
2.32191180320203,3.3559,1.4453176022328023
3.5856875693442887,4.958600000000001,1.3828867976098584
4.7478709635420255,7.9413,1.67260232238401
4.033449101728208,5.1546,1.2779633187366648
6.416756661673039,8.9657,1.3972323515946412
8.719682962675144,14.5624,1.6700607192182073
2.5470721028577437,4.5534,1.7876996865896386
6.2297965693618735,9.007100000000001,1.4458096503980402
5.602419217273072,8.821399999999999,1.5745697809978842
8.671522645870915,11.873,1.369194371608257
11.834474599806757,17.7603,1.5007256849653474
15.366504363226225,21.346400000000003,1.3891513317162973
14.658999281420323,20.760099999999998,1.4162017202847241
13.43131417617342,18.8158,1.4008904678425607
16.121550490425328,21.593700000000002,1.339430721184331
17.678433791660606,26.5485,1.5017450252026083
20.317736445093676,29.7198,1.462751526495794
16.225877774177913,24.1323,1.4872723889492423
17.462170111654718,25.0484,1.4344379787757324
24.02096723967539,32.7403,1.3629884123035187
24.59193890355748,34.8333,1.4164519575543106
21.786141059182327,31.8436,1.461644809583141
27.06632405696038,37.1686,1.3732415204140629
21.054042175741436,27.8919,1.3247764855404904
24.889905876900425,31.7587,1.2759670589784873
16.25932470121499,21.2114,1.3045683255476757
18.78262378594495,25.4512,1.3550396520769985
21.170996691884643,26.9636,1.2736103260710347
5.253647366653242,7.932600000000001,1.5099224303387813
8.625007927863315,13.437299999999999,1.5579463940653837
6.195389543036191,12.1258,1.9572296327403294
8.177252915634327,13.826,1.690787865147924
11.407337033855475,16.0627,1.4081025179082567
10.59340151989796,18.7894,1.773689023748152
7.632478213006339,13.1883,1.7279184600260118
12.330449098858686,22.511400000000002,1.8256755953912231
13.802622198276374,23.3352,1.6906352767457493
16.668548957632154,27.8433,1.6704093482145113
12.537097048015774,19.2395,1.5346056528329264
16.378523797013724,25.6175,1.5640908983916368
17.910857908221374,25.0607,1.399190375380999
25.774168256254296,38.7391,1.5030203735323124
28.55236865916651,42.7659,1.4978056815706724
32.517559877601265,45.6121,1.4026913511249812
39.5701133896412,53.101099999999995,1.3419496547083685
16.877437779784593,20.17,1.1950866158226436
14.336123862835594,17.547400000000003,1.2239989112740017
14.536113327919985,17.0611,1.1737043881757712
11.952388259176585,17.782400000000003,1.487769608416741
11.462141928952777,14.1083,1.2308606966698925
11.678562884586631,13.4348,1.1503812697477744
8.245611536934549,14.9148,1.808816718225467
8.31030753114605,9.8526,1.1855878934773016
5.0105104651817465,6.7976,1.3566681573138737
4.40882021315066,5.715,1.2962651511516068
5.183680690639005,6.5392,1.26149745523656
3.733433561683646,5.5457,1.4854154783724305
2.8358368216200422,3.0887,1.0891670410836627
2.32191180320203,3.0413,1.3098258063919133
1.868463341133303,2.6216,1.403078102891699
2.426051769769493,3.382,1.3940345552977769
2.113906139220608,2.3032,1.0895469563512332
4.3146487267843465,5.9901,1.3883169591106774
6.4752977433663315,9.9586,1.537937002233166
3.2306570634933074,4.8428,1.4990139481915434
6.499362671415757,8.639100000000001,1.3292226387049955
4.666070488970907,5.416399999999999,1.1608054384953315
7.172049857499611,10.155100000000001,1.4159271340509572
13.500149542229513,19.8087,1.467294857589307
16.869905069634836,23.3947,1.3867712890755703
16.490992651616352,22.8085,1.383088361134188
15.421902562642023,20.864099999999997,1.352887551665716
18.314149204394134,32.2169,1.7591262165905128
19.149811480327305,28.5969,1.4933254058076622
21.85344309670413,31.7682,1.4536931255830887
18.048740456329462,26.1806,1.4505499740187575
19.30929596663092,27.096700000000002,1.4032981858492806
25.533383969005463,34.7887,1.3624790212777673
26.30474328006795,36.8816,1.402089334509739
23.494535571902702,33.8919,1.442543943730115
28.88161207219138,39.217,1.35785356793709
22.891810889703596,29.9403,1.3079043918481221
26.822589263619967,44.3508,1.653486901063422
18.30976526062094,29.3283,1.6017845986849855
20.729896082884967,32.701299999999996,1.577494642001552
23.229837761243513,35.0805,1.5101482998098266
7.043160419854521,9.9809,1.4171053057181622
10.442753418411208,15.485700000000001,1.482913497957136
8.463915577795174,14.1742,1.6746622611862512
10.45085483972,15.8744,1.5189570847034468
13.560048057816292,18.111099999999997,1.3356221100971972
12.904591770547308,20.2874,1.572107073259209
9.721501090416268,12.8412,1.3209071192368862
14.583464308275392,22.1464,1.5185966469868903
16.11494960986907,23.5787,1.463156917695852
18.976227084401494,28.0868,1.480104547393798
14.461993059037137,18.8744,1.3051036550045638
18.66086869501235,25.861099999999997,1.3858465231531323
20.08065644206294,24.6956,1.2298203532963266
28.07404344084316,38.982699999999994,1.3885673462799633
29.558210831536808,47.4448,1.6051309827379434
33.59235198485419,49.9037,1.4855673107527607
40.66979221291084,59.533199999999994,1.463818641814965
16.0192728925364,19.718,1.2308923215351983
13.412195078820176,16.5335,1.232721407855812
13.82044699884326,16.609099999999998,1.2017773376932124
10.849123960170383,13.4979,1.2441465365824818
10.51438432059543,13.6562,1.298811188901515
10.898189507370855,12.9828,1.1912804407758961
6.97005911727567,9.6318,1.3818821100278849
7.519017039952079,9.4006,1.250243209990107
3.3713245616403267,4.57,1.35555029379208
3.010118258489011,3.9556999999999998,1.314134416096211
4.486994604204177,6.0872,1.3566318966143798
2.5351975661017856,3.3158000000000003,1.3079059574431897
2.572196694042798,4.0607,1.5786895338931788
3.5856875693442887,4.6983999999999995,1.31032051988266
1.868463341133303,2.5894,1.385844690123499
2.307574473319081,2.5649,1.1115134222778937
3.3039793576428953,4.5588,1.3797907028245815
4.813463048692482,5.2634,1.0934746868846823
6.420877188640776,7.6652,1.1937932738474681
5.076348544486793,7.598199999999999,1.4967845358554197
8.34455576923323,11.3585,1.3611869000719397
6.237693103052642,9.8263,1.5753099483511208
8.248265120527755,9.8497,1.1941541470929076
13.19455493811003,19.7355,1.495730632262378
16.34749915933448,23.3215,1.426609646692249
16.33307712482731,22.7352,1.391972855221571
15.488541921072299,20.7909,1.3423406868088594
18.70672340498118,23.5688,1.2599106476190352
18.57268568988421,28.5237,1.5357875794740719
21.318313484437173,31.695,1.4867498793062608
17.86300247386518,26.107400000000002,1.4615348141051288
19.142433941490886,27.0235,1.4117065824856807
24.95352826806482,34.7154,1.3912020627731547
25.933351812526606,36.8084,1.4193460323250777
23.132716001624374,33.8187,1.461942471330442
28.621224789633345,39.143800000000006,1.3676493681772122
22.687817613588745,29.867099999999997,1.316437768880479
26.72485681592406,33.7338,1.2622630771177659
18.438421538350212,23.1865,1.2575100288153311
20.68542966472758,27.426299999999998,1.32587528731718
23.339936505018965,28.9387,1.2398791227978316
7.100470977473635,9.9077,1.3953581433446243
10.380196887203642,15.4124,1.484788792301222
9.178757799020657,14.101,1.5362645260674088
11.139201551761259,15.8011,1.4185128015303423
13.917384905533824,18.0379,1.296069636820045
13.722193240503751,20.7645,1.5132056250825485
11.21687462030287,15.5606,1.3872491693751183
15.851707537548172,24.8658,1.5686511967937848
16.916701394723624,26.298099999999998,1.5545642963351274
19.732368298498738,30.8062,1.5612013486664837
16.086321972018457,21.593799999999998,1.3423702470683845
19.845922578640018,28.5805,1.4401194949113088
21.483011082022387,27.4151,1.2761293049344353
28.757631696860415,41.7021,1.4501228904935446
28.527051496099944,46.2616,1.621674781437704
32.60134154101895,48.7205,1.4944323667999968
39.68262898199947,58.3501,1.4704192110474414
18.32050412151122,22.9907,1.2549163411396098
15.70765905535052,19.2803,1.2274457913849695
16.12778857123001,19.8818,1.2327666568909939
13.111976624974927,16.2447,1.23892075654391
12.810461706543709,17.4889,1.3652045024315165
13.20571006646422,16.2555,1.2309447896543402
9.194234427534157,13.3771,1.4549444116781851
9.826260108885858,12.6733,1.2897378920938163
5.431647801989796,6.8187,1.2553649000404774
5.254234665134132,7.1244,1.3559348704533214
6.777002133445479,9.3599,1.3811269076938235
1.8641641413451928,3.7117,1.9910800329640572
4.688086570589753,6.0575,1.2921049790336907
4.7478709635420255,7.6768,1.6168931419890407
2.426051769769493,3.6201,1.492177555775719
2.307574473319081,3.0961,1.3417118432354427
1.8871922934573888,2.3233,1.2310881133070175
2.5359762439865263,2.8534,1.1251682687352336
4.2072590590575665,5.8608,1.3930209473035944
5.092016986907766,7.47,1.4670021759955505
7.54773081831226,11.2302,1.4878908999713336
4.7924720787781885,6.2246999999999995,1.2988495076609707
6.146002917244481,7.614199999999999,1.2388864929816492
15.440001437915972,21.9842,1.42384701765723
18.641049673785407,25.5703,1.3717199646733993
18.538368693300903,24.984,1.3476913968718465
17.60137581177511,23.0397,1.308971539860351
20.64347470802522,34.808099999999996,1.686155092217505
20.873660956102942,30.7724,1.474221511248745
23.615896478684853,33.9437,1.4373242206001697
20.079652646259607,28.3562,1.412185783267627
21.354241354204152,29.272299999999998,1.3707955958003146
27.25642417856281,36.9642,1.3561646882892422
28.20597941262368,39.057199999999995,1.3847134832169599
25.40197528551964,36.0675,1.4198698957305194
30.867958022043098,41.3925,1.3409536183262019
24.914741763994577,32.1158,1.289028010172355
28.918088140076325,46.942,1.6232746706012393
20.525877007961316,31.919400000000003,1.5550809345500565
22.853543186434248,35.2924,1.5442857027504338
25.441539771437846,37.6716,1.4807122657840204
9.184125894890514,12.1565,1.3236425697042256
12.535487962083234,17.6612,1.4088960919128783
10.862485720379373,16.349700000000002,1.505152726629222
12.849180420721385,18.0499,1.404751074309114
15.869135391855503,20.2866,1.2783683231042107
15.32496570218017,22.8786,1.4928973052608678
11.986420351831779,15.4323,1.2874819626730025
16.951443357578047,24.7375,1.4593152617261491
18.535597215554347,26.169900000000002,1.4118725010942321
21.393316937901048,30.678,1.4339992292476127
16.56830577696704,21.4656,1.295582076342476
21.05003206682443,28.4522,1.35164639700676
22.371105892303195,27.2868,1.219734068193207
30.48414359118545,41.573800000000006,1.3637844171558473
30.78732359080466,45.907,1.4911007078806673
34.87083419593439,48.3659,1.3870015190413485
41.95092355293683,57.9955,1.38246062513539
18.972046031032985,24.599,1.2965918362080129
16.41640479760641,20.592299999999998,1.2543733085213915
16.64554857472294,21.490099999999998,1.2910418604427216
13.97892535321241,17.5567,1.2559406074777704
13.532887023660322,18.800900000000002,1.3892748803067159
13.779317844521689,17.863799999999998,1.296421216316031
10.18750478001846,14.6891,1.4418741700922553
10.403126274923615,14.281600000000001,1.3728180955012836
6.675130156283371,8.2897,1.2418784062505233
6.253822628529863,9.210700000000001,1.4728111983830336
7.275221308673027,10.968200000000001,1.5076104952195
3.7504406780581716,5.32,1.4184999728497196
4.943824103987043,5.9173,1.1969074699133972
4.033449101728208,4.8358,1.1989242650732865
2.113906139220608,2.3032,1.0895469563512332
3.3039793576428953,4.5671,1.3823028250570646
1.8871922934573888,2.8096,1.4887725059817485
2.3991800305008733,4.2035,1.7520569305182327
4.8136145930678245,7.0696,1.4686676432677146
3.515895540805911,5.8796,1.6722908663697904
5.661201922534096,9.6398,1.7027832838163424
3.012307886149911,3.8828,1.2889784665944894
5.082329699590385,7.5053,1.4767440216648866
15.59335475675924,22.037599999999998,1.4132686868069475
18.981769741886254,25.6236,1.3499057436914064
18.55005057117946,25.0373,1.349715996941784
17.41703930095993,23.093,1.3258855079190894
20.15097033890155,33.217699999999994,1.6484417098204474
21.263221868938647,30.8257,1.4497191530992883
23.96475244582293,33.997099999999996,1.4186293005470085
20.11172269280278,28.4095,1.4125841149434046
21.36582454336157,29.325599999999998,1.3725470758446137
27.646222767379754,37.0175,1.338971341997489
28.397086967779554,39.1105,1.3772715505775752
25.586783285154223,36.1208,1.4116975782945624
30.95151996293852,48.023300000000006,1.5515651592394593
24.953126226110886,32.1691,1.2891811514317728
28.85089266387274,45.3516,1.5719305647963377
20.272268152536306,30.329,1.4960832094264438
22.749391373547628,33.702,1.4814462262576293
25.188459360056044,36.081199999999995,1.4324496581643935
9.092807565301174,12.2098,1.3427975806497323
12.49722656271107,17.7145,1.4174745021312256
10.198925859405636,16.4031,1.6083164272512835
12.168502849503048,18.1032,1.4877097227075327
15.440557708687438,20.34,1.3173099303631988
14.493957771685007,21.2882,1.4687637659320378
10.569181628616647,13.841899999999999,1.3096472826734555
15.684711356953212,23.1471,1.4757746874148643
17.68665741388252,24.5795,1.3897199128596895
20.565941128645584,29.0876,1.4143578364855325
14.95409318022953,19.8752,1.3290809252330027
19.827835332612263,26.8618,1.3547520215592304
20.935284323263982,25.6964,1.2274206360524709
29.68626754522919,39.9834,1.346865177277082
31.621198452657833,47.2191,1.4932735731283178
35.666906207440135,49.678,1.3928317671028372
42.746508012101074,59.3075,1.3874232717023502
20.83011836647103,25.330599999999997,1.2160564598986205
18.225594781719206,21.7767,1.1948416641986717
18.602695230271408,22.221700000000002,1.1945419588361332
15.645882119241021,18.7411,1.1978295539471395
15.327774010218251,19.9853,1.3038618645262392
15.691677438003888,18.5954,1.185048575811503
11.730098368004604,15.8735,1.3532282084945741
12.305229415952178,15.013200000000001,1.2200666474805646
7.951502197143003,9.597,1.2069417528989967
7.788362691146035,9.904200000000001,1.271666509735004
9.216676722514517,11.6998,1.2694163365217859
3.802850549576892,4.6343000000000005,1.2186384764753946
7.00262719633498,10.6876,1.5262271859329672
6.416756661673039,8.1949,1.2771093610184285
4.3146487267843465,5.551399999999999,1.2866400839396694
4.813463048692482,5.3401000000000005,1.1094091605108662
2.5359762439865263,2.9444,1.1610518856325862
2.3991800305008733,3.7515,1.5636592303649697
2.504195044144853,4.4866,1.791633607170607
5.716307097244706,8.378,1.4656315445400485
6.873718251342418,12.2789,1.786354859337152
3.6468746726565233,5.093,1.3965382573155616
3.7671077198197365,5.3405,1.4176658585848863
17.769204123783258,24.764,1.3936471114569804
21.058724631589993,28.350099999999998,1.3462401211834207
20.79594496321741,27.7638,1.3350583514770262
19.73370663276473,25.8195,1.308395856920806
22.538266997038864,35.8567,1.5909253362164422
23.3119913421445,33.5522,1.439267864660827
26.041273048952934,36.7236,1.4102075551746722
22.350720819176253,31.136,1.3930646913761384
23.61485225925343,32.052099999999996,1.3572856458350464
29.699169999006905,39.744,1.3382192162720028
30.566464410918627,41.837,1.3687222518629087
27.757736908485324,38.847300000000004,1.3995125081009283
33.175182992057685,44.1724,1.3314892644473162
27.193611975582144,34.8956,1.2832278415730016
31.13640024709516,38.7624,1.244922331816964
22.61210017721243,32.9681,1.45798487277285
25.044529005358935,36.3411,1.4510594306734164
27.53141777619482,38.7203,1.4064041421608044
11.356065368659907,14.9363,1.3152706958891505
14.752401976708514,20.441,1.3856048684324624
12.595633292917434,19.1296,1.5187485658824822
14.56696285856183,20.8297,1.4299274462526141
17.815001872777,23.0664,1.294773930686341
16.887518002300983,23.9273,1.4168630343866886
12.756371913006442,16.481,1.291981772904874
17.944249225694183,25.7862,1.4370174909896487
20.07629390626748,27.2185,1.355753214566302
22.956694462040794,31.726599999999998,1.3820195260454575
16.900464284290717,22.514200000000002,1.3321645856159912
22.101029328219077,29.5009,1.3348201824397656
23.057421249261438,28.3355,1.228910193107897
32.07771422135239,42.6225,1.3287262211354363
33.322371143372465,48.151,1.4450052126490653
37.40414949314499,50.6099,1.3530557621494699
44.48462307486875,60.2395,1.354164559259396
22.221250778499325,23.582,1.0612363919144145
19.581222238131392,20.9158,1.0681559989278773
20.140264052045712,23.2787,1.1558289374878135
16.868572398980476,17.880200000000002,1.059971144984425
16.704856348567645,19.1245,1.144846720076095
17.205050997140884,19.6524,1.1422459604023152
12.90494181284506,15.0126,1.1633217892588297
13.862991597811309,16.0702,1.1592158796761562
9.038672624488298,10.0356,1.1102957720595774
9.132279096543929,11.5239,1.2618865321758694
10.899771919271029,12.7568,1.1703731137204538
4.46999700160576,5.4925,1.2287480278011205
8.891569942556139,12.3073,1.3841537635660672
8.719682962675144,13.974,1.602581201612044
6.4752977433663315,8.9093,1.3758903996541627
6.420877188640776,9.340399999999999,1.4546922056886828
4.2072590590575665,6.017600000000001,1.4302898669966746
4.8136145930678245,7.1094,1.4769358581882268
2.504195044144853,4.6937,1.8743348330532423
8.216553305088985,13.7672,1.6755444148914826
9.151358990699384,17.5274,1.915278377540786
5.902916671787587,8.6435,1.4642761334088896
4.630357719931044,8.9653,1.9362002986096531
19.614412647202112,26.3837,1.3451180249215104
22.73927138472568,29.9698,1.317975386851277
22.735793808374503,29.3835,1.292389447566897
21.80701533493534,27.4392,1.2582739810358996
24.78909648885494,30.2171,1.2189673800166723
24.9399240165094,27.9303,1.1199031713773895
27.696088579249253,31.125400000000003,1.1238193404436212
24.272679989962604,32.7557,1.349488396565412
25.549569482826186,33.671800000000005,1.3179008758888633
31.306105966509563,34.145900000000005,1.0907105481763966
32.34820126629056,36.238800000000005,1.1202724906303758
29.549793587339074,33.2491,1.1251889087389744
35.04189175009489,38.5742,1.1008024416916802
29.102937495732203,34.514300000000006,1.1859387048149814
33.1203402609552,38.2966,1.1562864299781053
24.72684456298097,29.834799999999998,1.2065753041803906
27.059781940013643,34.0745,1.2592303986608853
29.644123349233833,35.5869,1.2004706491318713
13.389998371040496,16.556,1.236445258709429
16.74177807449733,22.0607,1.3177035259835967
14.913525978341815,20.749200000000002,1.391300758126083
16.896768174091342,22.4494,1.3286209391463857
20.03009321604441,24.6861,1.2324505799217178
19.280725262551922,27.4128,1.421772242833761
15.260566864256777,21.7295,1.4238986135498497
20.44398296210024,31.0347,1.5180358963091096
22.48107257526249,31.958599999999997,1.4215780805390175
25.35713454834848,36.466699999999996,1.4381238515128314
19.361852383254398,27.7628,1.4338917294923381
24.59878535251775,34.2409,1.3919752341143687
25.554904470436888,33.584,1.3141900036782195
34.47376133676272,47.3625,1.3738709721092361
34.442765871013016,49.6436,1.4413360467598215
38.55664387598654,52.1025,1.3513235272131647
45.62007880466961,61.732,1.353176093016332
18.185250784508682,22.954,1.2622316993040115
15.817755747794566,20.331400000000002,1.2853530124104213
15.67186643101644,19.8451,1.266288229762107
13.795848987948435,18.5933,1.3477459789710982
13.083318655091775,16.8923,1.291132658717736
13.028705100174529,16.218799999999998,1.2448512630608806
10.502900596896627,14.0421,1.3369735217858891
9.883863210555116,12.6366,1.278508183571905
7.892563801935786,11.2348,1.4234664783127218
7.098897638814201,10.2869,1.44908414283296
7.007708112812396,9.3233,1.3304349795839727
6.776902517900168,8.6812,1.2809982107710591
4.863400972389675,6.25,1.2851089259311077
2.5470721028577437,4.533600000000001,1.7799260550627634
3.2306570634933074,5.12,1.5848169271373382
5.076348544486793,7.9284,1.561831290842056
5.092016986907766,7.0022,1.3751328830998721
3.515895540805911,4.5807,1.3028544070311074
5.716307097244706,8.4647,1.4807986792871985
8.216553305088985,13.0942,1.593636591134875
3.689091154484095,5.3195,1.4419540686963348
3.567682703454567,6.5328,1.831104541240264
6.894498201869606,9.5844,1.3901519326527585
13.996344216093368,20.997799999999998,1.5002346095386945
17.615943553111045,24.5838,1.3955426188714373
16.629240979890398,23.9975,1.4430905192257406
15.207772095708968,23.1486,1.5221558985968509
17.44558394993001,28.8764,1.6552269091637857
19.93540299247273,29.786,1.4941258027864643
22.51839160673193,32.957300000000004,1.463572557737531
18.19195736028225,27.3697,1.5044945113907942
19.39049048377297,28.2858,1.458745977760135
26.224910785877753,35.9778,1.3718940855033996
26.62648030120934,38.070699999999995,1.4298059514186285
23.836288982905884,35.081,1.4717475537051186
28.9835704575559,43.682,1.5071297052227837
22.970517203316096,31.1294,1.3551893379007618
26.664956179813878,41.0103,1.5379849013607587
17.90317474466372,25.9878,1.4515749508475313
20.570728049321765,29.360799999999998,1.427309715514325
22.760208986167427,31.74,1.3945390404494995
7.46739613658893,11.17,1.4958360043695769
10.703327414209209,16.674799999999998,1.5579080555700235
7.509831271762015,14.0398,1.8695226952423756
9.369047529150288,16.1692,1.7258104358732442
12.908586801651952,20.672,1.6014146488409204
11.442139878458525,16.946900000000003,1.481095335314418
7.063301803762105,9.5007,1.3450791519257568
12.227997153384521,18.8238,1.5394017322607783
14.573029626640475,20.2382,1.388743488382348
17.4512735742098,24.746299999999998,1.4180225812614091
11.483253669419641,15.5518,1.354302573791874
16.384989663606422,22.520599999999998,1.3744653162657592
17.42009567029208,21.373,1.226916338723049
26.557988820878126,35.642199999999995,1.3420519242021995
31.00197272549214,46.0033,1.4838829905224917
34.9387340207901,48.8495,1.3981473962660576
41.9755114490653,62.668800000000005,1.49298478652356
21.667083491681733,26.7589,1.2350023947742241
19.373750730871873,24.1363,1.2458248449299523
19.110946788301806,23.65,1.2375106404710747
17.447053903321127,22.3981,1.283775480038863
16.69499440512587,20.6971,1.2397188940443946
16.569991887615455,20.0237,1.2084314908425438
14.19132522070608,22.3212,1.572876363049724
13.513684786157476,16.4415,1.216655579893471
11.439661452169418,15.0397,1.314697997216331
10.707986629702994,14.091700000000001,1.3159990283244183
10.692107772881066,13.1281,1.2278308710371835
9.408524499765123,12.9521,1.3766345615960653
8.540100494139928,10.054799999999998,1.1773631946016831
6.2297965693618735,8.3385,1.3384867237894613
6.499362671415757,8.9248,1.3731807949803037
8.34455576923323,12.1993,1.4619472069417276
7.54773081831226,11.273,1.4935614784578053
5.661201922534096,8.851600000000001,1.5635548989635406
6.873718251342418,9.516,1.3844035574401892
9.151358990699384,11.5514,1.2622606119746587
3.689091154484095,4.9883999999999995,1.3522029657458023
3.2524783273215747,4.1706,1.2822837173013544
5.859344589940605,6.7749,1.156255600947456
17.1697290351791,24.9735,1.4545075201147168
20.858244301596823,28.5595,1.3692187888418585
19.537453937018284,24.9604,1.277566671709801
17.907954823505033,23.781299999999998,1.3279740894133776
19.537904727845742,29.5091,1.5103513099817274
23.17180584801795,33.7617,1.457016350880908
25.66533337939629,36.933,1.4390228037968604
21.074089108700527,31.3454,1.4873905030162808
22.21066597561827,29.289,1.3186907602028668
29.35822928583124,39.9535,1.3608961089244647
29.526308221817917,37.7669,1.2790931977094533
26.774564612141976,39.0567,1.4587240004002981
31.709856203853924,44.314699999999995,1.3975055489092414
25.738904343625347,33.8093,1.3135485313839095
29.21407918925949,41.643,1.4254428397424892
20.387987360655607,26.6205,1.3056953356451353
23.197776966745373,29.9935,1.2929471665753351
25.101338791090228,32.3727,1.2896802146461908
10.828472956733318,14.9748,1.382909673398448
13.845998391108038,21.1541,1.5278132643425162
10.071676767218538,14.6725,1.4568080707034103
11.649395964255122,16.802,1.4423065411764757
15.350229686823367,21.3047,1.3879075710696336
13.186079130030882,17.5796,1.33319388020075
7.4842930684339395,10.1334,1.3539555315837433
12.67261202192365,17.721400000000003,1.398401526799837
16.054426868165674,20.870900000000002,1.3000090362232062
18.843146795641257,25.379,1.346855717637916
10.533655939062612,14.4495,1.371745962046854
16.75340181603811,23.153299999999998,1.3820058907579733
17.020783922472003,20.2707,1.1909380961729523
27.759830643268096,36.2749,1.3067406810277806
34.48142717889743,49.979,1.4494469657737097
38.36854487472404,52.825199999999995,1.3767840342258988
45.37320728645938,66.93960000000001,1.4753111803929417
21.29234833831327,26.923,1.2644448405700268
18.818232219575556,24.5768,1.3060100286377658
18.85418103515242,23.8141,1.2630673247276096
16.54975265512315,21.5412,1.3016025344240836
15.98434032071066,20.8612,1.3051023427579598
16.087279150924775,20.1878,1.2548921300243308
12.906142055771895,18.673599999999997,1.4468769923114844
12.786694526576277,16.6056,1.2986624467712422
9.588700601997871,12.2742,1.2800691678122254
9.063165693661658,13.195200000000002,1.4559151234792154
9.706079342529826,13.292200000000001,1.3694715992848536
6.6238513919383415,9.3045,1.4046963691432122
7.34971736917517,8.5596,1.1646162117606178
5.602419217273072,8.502600000000001,1.5176657922679635
4.666070488970907,5.401,1.1575050168586674
6.237693103052642,8.5516,1.3709555533944053
4.7924720787781885,7.6254,1.5911203810172325
3.012307886149911,3.7944,1.2596321967771016
3.6468746726565233,5.4861,1.5043291838717656
5.902916671787587,8.4267,1.427548527031491
3.567682703454567,4.9238,1.3801115203525
3.2524783273215747,5.0236,1.544545265006254
3.35447423623072,3.9556999999999998,1.179230997595871
17.409942736541854,27.0355,1.5528770202819215
20.9666579223125,30.621599999999997,1.460490275248532
20.13788040743338,27.0225,1.3418740926689257
18.761024554034254,25.8433,1.377499396451822
20.990691530511423,31.5712,1.5040571652491332
23.2798499288962,35.823699999999995,1.5388286483554043
25.91065124784475,38.995,1.504979540151219
21.703717021733127,33.4075,1.5392524684388038
22.915165495880725,31.3511,1.3681376207226492
29.61562201500443,42.0155,1.41869382242633
30.1176740627588,39.828900000000004,1.3224427595904344
27.31916447604624,41.1188,1.5051265581732356
32.51658903095691,46.3767,1.426247382708186
26.50102764094285,35.8714,1.353585245297445
30.224457995699964,43.7051,1.4460176591493528
21.470042146429993,28.6825,1.3359312387176328
24.126225379895242,32.0555,1.32865790214794
26.327521700549546,34.4347,1.307935490155962
10.831620402109454,15.1389,1.3976579161739922
14.156384737805995,20.6437,1.4582607341031784
11.075705600790773,16.734599999999997,1.5109285677298243
12.91741158481614,18.864,1.4603544894531206
16.4756405050309,23.3667,1.4182574566897652
14.898241867271325,19.6417,1.3183904634512058
9.911381504003124,12.1954,1.2304440097552878
15.186904430393914,21.300099999999997,1.4025307196489363
17.97397882824114,22.933,1.2759000229802835
20.837433667141504,27.4411,1.3169136103008596
13.58478408417597,18.028200000000002,1.3270877099180307
19.33971384940523,25.2153,1.3038093632794607
19.940545014740398,23.849400000000003,1.196025483875697
29.906308453948185,38.3369,1.2819001067628868
34.05839082368528,51.2035,1.5034033834737568
38.05506716245523,53.6624,1.4101249584166498
45.11951823784382,63.292,1.4027632047479195
24.04883147931825,29.7497,1.2370538679014171
21.498390304871812,26.114099999999997,1.214700246375293
21.700181164829516,26.6408,1.2276763865537663
19.04745657913146,23.0785,1.211631584727432
18.615150758229856,23.688,1.2725118537934703
18.850532581266712,23.0145,1.220893887256605
15.213150863447934,20.210900000000002,1.3285150578871845
15.48050675347211,19.432299999999998,1.2552754447551624
11.550635129476111,13.8116,1.1957437703797018
11.255512603667784,14.7325,1.3089141755480054
12.352629092568106,16.1189,1.3048963001485936
7.569813167064813,9.3305,1.2325931689563603
10.007067213918496,13.0456,1.3036386906500748
8.671522645870915,11.3293,1.3064948870766806
7.172049857499611,9.7102,1.3538946595367456
8.248265120527755,10.088899999999999,1.2231541848589942
6.146002917244481,8.1022,1.3182876918699165
5.082329699590385,6.820600000000001,1.342022340768194
3.7671077198197365,5.1988,1.3800507940475812
4.630357719931044,7.2341999999999995,1.562341494451045
6.894498201869606,10.704799999999999,1.5526583206733073
5.859344589940605,8.0385,1.3719111201960363
3.35447423623072,4.3949,1.3101606065510767
20.491747450218856,27.793400000000002,1.3563216152023756
23.965933423932523,31.3795,1.309337693839383
23.32298786136704,30.4622,1.3061019531917943
22.019711388002094,29.283,1.3298539424070501
24.336735213824173,35.0109,1.4386029881326277
26.263130334368707,36.5816,1.3928880348329324
28.938905726409565,39.752900000000004,1.373683593147118
24.890249727611113,34.1654,1.372641912953562
26.11899469540451,34.790800000000004,1.3320114501237388
32.63353110119107,42.7734,1.3107193293722004
33.26306808304663,43.2686,1.3008000311929415
30.456663256048483,41.8767,1.3749602065053392
35.72526813392012,49.8164,1.3944304018449272
29.710134621717486,39.311099999999996,1.3231545565352103
33.49043633326706,47.144800000000004,1.40770933919334
24.76750679072209,32.1222,1.2969492759777086
27.38510991216563,35.4952,1.296149627072759
29.641291779527833,37.8744,1.2777580775396056
13.919234203660183,17.965700000000002,1.2907103750920266
17.296310812075777,23.4704,1.356959889019435
14.400183078771823,20.1743,1.4009752438314587
16.261027245819864,22.3037,1.371604614077102
19.793448841425224,26.8064,1.3543066806981885
18.250509391986686,23.081400000000002,1.2646989464378695
13.113434200923617,15.6351,1.192296370305406
18.37908625308409,23.0898,1.2563083758380769
21.315314706113533,26.372700000000002,1.2372653354461587
24.173383771844097,30.8808,1.2774711348424606
16.379523439268546,19.8179,1.2099192063481061
22.508028450889533,27.720599999999997,1.2315872116691082
22.879979155402165,25.6391,1.1205910558684395
33.225825315524006,41.7766,1.2573532667217402
36.70122688075755,52.7409,1.4370337038419838
40.7491145860009,55.1998,1.3546257522602354
47.828816052263846,64.8293,1.3554443816706494
5.564308206576365,7.3808,1.3264542016699852
4.805957945189027,6.5551,1.3639528424425647
3.2482932522036205,4.756,1.4641535202443812
6.034358484243548,8.3207,1.3788872540016262
5.018528389924628,6.930899999999999,1.3810622281054972
3.85999769892356,6.3348,1.6411408747125913
8.19150846459851,11.476600000000001,1.4010362132443337
6.128082180642978,9.141200000000001,1.4916901781889742
11.273854567474462,17.5229,1.554295373878096
10.771462906358238,16.575,1.5387881984178786
8.741494699472161,15.6114,1.7858959522039937
15.431924222357098,20.7288,1.3432414325861592
10.774875786477217,16.0646,1.4909313404950375
11.834474599806757,16.9083,1.4287326283395878
13.500149542229513,19.4782,1.4428136472911417
13.19455493811003,19.1706,1.4529175171061868
15.440001437915972,21.328799999999998,1.3813988350819009
15.59335475675924,21.167,1.3574372115676236
17.769204123783258,24.0551,1.353752246438734
19.614412647202112,25.4985,1.2999879455292902
13.996344216093368,19.9102,1.4225286040841096
17.1697290351791,23.144299999999998,1.3479711853681318
17.409942736541854,23.8914,1.3722848122788003
20.491747450218856,27.2298,1.3288178602703393
3.7168757186352672,5.4397,1.46351409403522
3.2892225057320177,4.2201,1.2830083682833173
3.561275541830532,4.4338,1.2450033556575015
7.827095245929536,9.2114,1.1768605990568939
6.011146565285602,10.6419,1.7703610924173798
8.523402404704001,13.8132,1.6206204217668523
4.724207938735878,8.2256,1.7411595989572461
6.009197437222132,9.1417,1.5212846799432054
12.22926017526347,16.8337,1.3765100879978074
12.804650982615476,18.926599999999997,1.478103544227494
9.994403259131385,15.937,1.594592452074531
15.428666833383884,21.262,1.3780840710095703
9.504113152215147,11.985299999999999,1.261064531539858
13.607983440353339,15.852,1.1649044158146327
6.215614688577012,7.462899999999999,1.2006696640503207
7.7323808066273045,8.911200000000001,1.1524522941708133
10.698332838144015,13.2151,1.235248538247255
6.581922378289632,9.3111,1.4146474942810807
3.3237438854988364,4.3744,1.3161062195811992
7.49671093204023,8.8265,1.1773829990264633
6.912795129970856,7.9118,1.1445153300866528
4.821026870322966,5.2736,1.0938748407446057
8.097149440683031,9.1565,1.130830061502188
12.606781123870778,15.845600000000001,1.2569108517317367
12.668025377817038,15.947799999999999,1.2589018039011959
9.435278840921388,11.532,1.2222214302755954
10.99748437369239,14.2019,1.2913771474841143
16.444576174717636,19.5261,1.1873884612496117
14.498176239134423,19.643,1.3548600648803215
17.790163903526707,23.2509,1.3069525455800193
18.30361616526403,23.3523,1.275829857288921
17.727397534447547,26.859299999999998,1.515129332876273
21.415540610610105,29.7054,1.387095499484275
28.323932060915766,37.1944,1.3131792549144194
3.20193670233814,4.4607,1.3931256032458972
4.476706966081659,5.204899999999999,1.1626626534717568
2.959093215001536,4.4953,1.519147817720121
7.066466209863782,8.4756,1.1994113816279584
6.551971412656916,7.6993,1.1751119647937882
5.700031248578676,7.0326,1.2337827098322671
10.418471101322575,12.292399999999999,1.179866016851507
8.895636493816115,12.575700000000001,1.4136931077098438
13.993681161636488,16.9286,1.2097317213721832
13.668915950481898,21.4663,1.570446411241793
11.864092969491832,15.837,1.3348681640243703
18.40610243136397,25.620099999999997,1.3919350984564438
14.070041414878704,20.9559,1.4893986010474483
15.366504363226225,21.799599999999998,1.418644051028866
16.869905069634836,24.3696,1.444560588776775
16.34749915933448,24.062,1.4719070951143323
18.641049673785407,26.2201,1.4065785167062175
18.981769741886254,26.0583,1.3728066642015087
21.058724631589993,28.9464,1.3745561759508351
22.73927138472568,30.3898,1.3364456356509866
17.615943553111045,24.8015,1.407900742030929
20.858244301596823,28.035700000000002,1.344106416370514
20.9666579223125,28.782700000000002,1.3727843563169766
23.965933423932523,32.1211,1.3402816169022518
3.7168757186352672,4.9905,1.3426599051938093
3.2817347418067935,4.0950999999999995,1.2478461308379236
5.219243188839216,5.4598,1.0460903626171683
8.800238760565314,10.5752,1.2016946684888201
2.3196951871686378,2.7835,1.1999421369656205
4.984572810351102,5.9573,1.195147553593541
3.4445518525753047,4.8136,1.3974531974024813
4.340471857808943,5.7297,1.3200638519730745
8.668045578729094,9.9293,1.1455062055010363
9.67594520830136,12.5854,1.300689465376727
6.934078798531063,9.5957,1.3838464025001826
12.550907642738636,14.9207,1.1888144208146105
7.051009760506694,8.201,1.1630958229464523
11.276167693996301,12.0678,1.07020402032733
6.3722566691870215,8.207,1.2879267779160342
6.315338781757141,8.2056,1.2993127183775444
9.462880444786773,12.14,1.282907468907957
10.153530890051952,14.2025,1.3987744907453894
7.023713648144064,9.827399999999999,1.3991743530997705
11.19811326668174,13.717799999999999,1.2250099345588152
10.459230972078618,12.8031,1.2240957326765654
7.678289420664725,9.854,1.2833587613251127
11.200113107080709,14.6375,1.3069064446095795
16.2195544939,20.7434,1.2789130557070092
15.713308968698337,20.845599999999997,1.3266206399635767
11.775387640137117,13.1395,1.115844369760977
12.599150775618389,15.722100000000001,1.2478698191647233
19.78720691378223,24.4238,1.2343227675548427
16.887768762606246,24.5408,1.4531700631962396
20.360604917644718,28.1487,1.382508040102779
18.34836336308902,25.6176,1.3961790211509728
14.08033941275922,19.954900000000002,1.4172172569872439
17.712009457726865,22.801099999999998,1.2873242900202393
24.607466903916258,30.2901,1.2309312501881027
6.408081981951035,8.5543,1.3349236205301351
6.9574150244966,8.2326,1.1832843047329442
5.192906823555664,6.4336,1.238920746818795
8.93211666602112,14.684899999999999,1.6440560002830216
8.063380347465692,13.2951,1.6488246153709751
6.953227188555489,10.277299999999999,1.4780618727539487
11.460311922537132,16.705299999999998,1.4576653858040636
9.41435552568133,13.8582,1.4720285379276732
14.547248594863989,21.4953,1.4776196240702912
14.015625247831862,20.5473,1.4660280677223838
11.931947051890155,19.5837,1.6412828446885976
18.63284113620589,24.7011,1.3256754468862368
13.851230276723642,20.036900000000003,1.4465790835685617
14.658999281420323,20.880599999999998,1.4244219267044578
16.490992651616352,23.450599999999998,1.4220247680300497
16.33307712482731,23.143,1.4169405938101634
18.538368693300903,25.301099999999998,1.3647964617913173
18.55005057117946,25.1393,1.355214634242454
20.79594496321741,28.0274,1.3477338995449903
22.735793808374503,29.4708,1.2962292079348787
16.629240979890398,23.8825,1.436174990120169
19.537453937018284,26.0837,1.3350613690035793
20.13788040743338,26.8307,1.3323497536561066
23.32298786136704,31.0197,1.3300054085858377
3.2892225057320177,3.7502,1.1401478597038213
3.2817347418067935,4.0950999999999995,1.2478461308379236
2.1411362100794746,2.4076999999999997,1.1244964186144097
5.558047905354348,6.9077,1.2428284386223918
4.714958921169054,5.9341,1.2585687593920043
6.464480652207694,7.8514,1.2145445894897462
1.5672741902874268,2.0364,1.2993259332794467
2.8189935156599484,3.2299,1.145763543639743
10.007210407229934,12.1778,1.2169025636956603
10.006206488077765,13.066600000000001,1.3058495260485226
7.237755695408846,10.0769,1.392268601493709
12.408709263273307,15.402,1.2412249874840802
6.40311817407277,8.3512,1.3042395553178012
10.394000670069426,12.2345,1.177073235643565
3.30980223817781,4.8491,1.4650724276111555
4.444811985416244,5.5243,1.242864719165993
7.4301975708146,8.7195,1.1735219577807336
9.457275749437139,13.2835,1.404579960649935
6.052890219273977,8.902,1.4707023715139778
9.501814585779615,12.7988,1.3469848190002196
8.296058627824594,10.558399999999999,1.2727007454585262
4.936613125925781,6.1766000000000005,1.2511816993643146
8.441177287696888,9.1995,1.0898361314373026
14.031150581579451,17.5015,1.2473317778355637
12.807282142020968,14.5619,1.1370015775807807
8.59421181288208,10.2596,1.1937802120052043
9.3179812526958,12.088799999999999,1.297362558709009
17.09911426208949,21.181900000000002,1.2387717676676664
13.676367621520143,16.8263,1.2303193702926902
17.18363055241378,20.8588,1.2138761908536242
15.522511930882088,22.4105,1.4437418440899528
16.626767854364477,22.6688,1.3633918629620794
19.968312112447382,25.515,1.2777744987316706
26.637360125953965,33.004,1.2390116679709087
8.14812927974391,9.8683,1.2111123499884078
8.148299235084137,9.8284,1.2061903615029075
6.426365200946372,8.029399999999999,1.2494465765527234
9.595115987119724,14.3591,1.4965009301894154
8.561240745854962,12.969299999999999,1.5148855621516377
7.39757055589723,12.373299999999999,1.6726166930758362
11.446125248922588,16.3796,1.4310170161331928
9.16955298111162,14.0442,1.5316122856729957
14.1048440477071,19.3462,1.3715997096150057
13.454989987738742,18.3983,1.3673960379581103
11.263802365578325,17.4346,1.5478432090818066
17.896989972756693,22.5521,1.2601057515442233
12.938695045159541,17.8878,1.3825041812614598
13.43131417617342,18.7316,1.3946215354882445
15.421902562642023,21.3015,1.3812498110058546
15.488541921072299,20.9939,1.3554471497047513
17.60137581177511,23.152,1.3153517229324534
17.41703930095993,22.990299999999998,1.3199889833591234
19.73370663276473,25.8783,1.311375530283456
21.80701533493534,27.3217,1.2528858067169792
15.207772095708968,21.7335,1.4291047934715126
17.907954823505033,25.695700000000002,1.4348763023610707
18.761024554034254,26.4428,1.4094539412728344
22.019711388002094,30.6318,1.3911081512489933
3.561275541830532,4.9645,1.3940229958865233
5.219243188839216,5.534,1.060306983172169
2.1411362100794746,2.5278,1.180588132646719
4.266339366166258,5.5991,1.3123897373010351
6.849481868297902,8.0298,1.1723222507041116
8.535236764690897,14.7797,1.731609843694271
3.367650826102662,4.3233999999999995,1.2838029306629195
4.347796754608164,5.7889,1.3314559825880619
11.9852200215951,17.8002,1.485179243095029
11.67452168945453,15.0139,1.2860398395218104
8.998249185286724,12.8427,1.4272443155941315
13.812399039111433,17.2935,1.2520272510974684
7.83124351788205,11.0564,1.4118319746734411
11.470889724055013,13.381200000000002,1.1665354930523806
2.9765243973699547,3.8676,1.299367814158485
5.366115166896711,7.2405,1.3493001500724906
7.851590946641458,9.6197,1.2251911829557112
8.417250046015694,11.1344,1.322807322953471
5.132964120028424,8.274,1.6119341196474566
7.83898072300343,10.649799999999999,1.3585694845183431
6.411023250547853,8.781,1.3696721501126394
2.8574709875821953,4.579899999999999,1.6027809275765248
6.316571087820572,6.8377,1.0825018676959488
12.052816040209784,17.1135,1.4198756492181666
10.666827560999527,12.2001,1.1437421229725775
6.556557395543767,8.1352,1.2407730931371352
7.624127045029478,10.4037,1.364575896827776
14.970513236971565,19.040200000000002,1.2718468430980598
11.672969313986979,14.4645,1.23914486630819
15.141837563789895,18.497,1.2215822499795943
14.772877431873361,19.554,1.3236419302993119
18.765038655474626,27.8258,1.4828533269171782
22.075176547990875,30.6719,1.38942943143943
28.69460142509373,38.1609,1.3298982423442165
11.963128635476556,17.501900000000003,1.462986860151137
12.33151064671352,13.8985,1.1270719701891592
10.57895191168361,12.0994,1.1437238869227844
13.859470258319773,18.8463,1.3598138780727682
12.812986059845631,17.4565,1.3624068518037795
11.64860458804952,16.8605,1.4474265885286757
15.497647329011492,20.866799999999998,1.3464495324356418
13.131329398314012,18.5314,1.4112356363841827
17.801151873373257,23.3134,1.3096568225380907
17.050967512195758,22.3654,1.3116792336858938
14.809656166851203,21.401799999999998,1.4451247050491383
21.206834423545565,26.5192,1.2505025252876125
16.13744254198306,21.855,1.3543038150650069
16.121550490425328,22.698700000000002,1.407972515638671
18.314149204394134,29.5961,1.6160237458859936
18.70672340498118,24.9611,1.3343384332797383
20.64347470802522,31.500400000000003,1.525925283680761
20.15097033890155,29.0789,1.4430520967947154
22.538266997038864,34.198800000000006,1.517365998215086
24.78909648885494,31.2889,1.2622041313231138
17.44558394993001,26.2658,1.5055844548044133
19.537904727845742,26.7295,1.3680842635036847
20.990691530511423,27.476599999999998,1.308989747196316
24.336735213824173,31.665599999999998,1.3011441231448644
7.827095245929536,9.6385,1.2314274577165112
8.800238760565314,10.521799999999999,1.1956266513073668
5.558047905354348,6.869,1.2358655623285912
4.266339366166258,5.5483,1.3004825738899706
9.716212129992464,13.9958,1.4404584639313402
10.398559336363238,13.1315,1.2628191632354115
5.6787897472665945,6.9981,1.2323224333791256
5.7039824643204815,7.2518,1.2713573446905593
13.126997885955872,15.02,1.1442067813593073
11.782187902016263,13.450899999999999,1.1416300700566975
9.667909689304793,11.7636,1.2167676755414443
13.043135950644972,15.7305,1.2060366509652258
7.840034190173723,9.4934,1.2108875764723726
10.13622611426619,11.818100000000001,1.165927029130365
2.6342458543206213,3.1001999999999996,1.1768833174455346
5.098567858345889,6.1615,1.2084766097433006
5.733567582109753,7.5889,1.3235912704123998
11.660975990331094,15.101600000000001,1.2950545488235086
8.798328736156042,12.761299999999999,1.4504231863442925
9.983065676067042,17.556099999999997,1.7585880499702822
8.076550833434341,11.407399999999999,1.4124098560460991
4.789446169470108,8.4101,1.7559650327859246
6.431063480103284,8.697,1.3523424277970777
12.646004043649114,18.147299999999998,1.4350224732937407
9.453115307567044,12.0849,1.278403955395134
4.5097769308002285,5.6991000000000005,1.2637210415169549
3.9631203537457456,7.1146,1.795201599990682
14.115296407361926,18.7258,1.3266317234566491
8.918380540665156,12.6781,1.4215697504935616
12.492084617772685,15.8451,1.268411196755498
10.591752284376389,14.3043,1.3505130799839316
20.83981789215014,25.0156,1.2003751726363585
23.648841317971577,27.8618,1.1781465157376165
29.79380349786285,35.3508,1.1865151759672363
3.7517044607194867,4.4882,1.1963095832818536
5.975376465415932,7.6363,1.2779613207966227
4.8644702612719035,8.0517,1.6552059253199625
8.793562817641408,10.0524,1.143154396967876
8.485240272197485,11.2895,1.330486779141762
7.775261617044525,12.5038,1.6081516758985728
12.41590929944631,14.575299999999999,1.1739212689520844
11.077010100348227,16.084799999999998,1.4520885919833495
16.10018171140613,18.5054,1.149390754198128
15.833045757154126,22.0683,1.393812683831125
14.100877453876315,19.3461,1.371978450509956
20.569602196177062,22.9955,1.1179360583003302
16.338575713285724,22.071099999999998,1.3508582625138412
17.678433791660606,25.9513,1.4679637520967457
19.149811480327305,28.5212,1.4893723642814953
18.57268568988421,25.1962,1.3566266301336996
20.873660956102942,25.0854,1.2017728970856763
21.263221868938647,30.21,1.4207630521003416
23.3119913421445,30.0807,1.2903530873237208
24.9399240165094,27.346,1.096474872252933
19.93540299247273,28.9531,1.4523458598219559
23.17180584801795,32.1873,1.38907171116114
23.2798499288962,32.9343,1.414712727985423
26.263130334368707,36.2727,1.381126299043358
6.011146565285602,9.142100000000001,1.5208579429414795
2.3196951871686378,2.898,1.2493020703884923
4.714958921169054,5.6597,1.2003710095096016
6.849481868297902,10.7744,1.573024092503721
9.716212129992464,10.9046,1.122309790493269
2.7683516801383123,3.8103000000000002,1.3763785964540567
4.04155061138945,5.5071,1.362620570550447
4.283161185949311,5.246899999999999,1.2250064315142246
6.387592182738464,8.1011,1.2682556694668206
7.690740054983833,9.9191,1.2897458409834204
5.108170433353659,6.929399999999999,1.3565326549706862
10.694705495837201,12.2545,1.145847354540986
5.77890606764243,8.194600000000001,1.418019241718369
9.853496899553813,11.976799999999999,1.2154872652918107
7.101687746056906,7.9962,1.125957699905879
6.006597895653384,7.9112,1.317085001765286
8.943825640025528,12.187,1.3626160091337842
12.472032102508344,18.3541,1.4716206508407454
9.330177237317743,13.979,1.4982566401941908
13.451368269730148,17.8695,1.3284522170292556
12.601633158544017,16.9547,1.3454367213113616
9.559114714727322,14.005600000000001,1.4651565984894155
13.094322416860225,18.789099999999998,1.4349043350121873
18.380438868090927,24.895,1.3544290307027747
17.51336920429876,24.9972,1.4273210202103368
13.261772577872934,14.9461,1.1270062061641246
13.660298284781712,18.9764,1.3891643948317516
21.74315175757213,28.575400000000002,1.3142252934903293
18.29294463839774,28.692400000000003,1.5684954263609001
21.830730070240325,32.3003,1.4795794687614137
18.320678000486232,25.3232,1.3822195881248456
11.985246284648854,18.1267,1.5124178151614078
15.497381773531796,20.972900000000003,1.3533189222853066
22.341183999572795,28.4619,1.273965605428264
6.228066148883841,7.3486,1.1799168191745963
8.657030838421914,10.4967,1.212505788175457
7.6308088702977335,10.918899999999999,1.4308968007966858
11.505216277019331,12.912799999999999,1.12234309108923
11.243287479132107,14.1567,1.2591246133548821
10.543404580172359,15.3642,1.4572332763264628
15.177347577745143,17.4357,1.1487975689221432
13.835129994671565,18.9452,1.3693546795220946
18.86850635377037,21.3658,1.1323524819297957
18.596469834150927,24.9287,1.3405071081942896
16.83956872258918,22.206400000000002,1.3187036061209554
23.333923100750937,25.855900000000002,1.1080819924004937
19.0545472191241,24.9314,1.3084225887549612
20.317736445093676,28.8185,1.4183912700058223
21.85344309670413,31.3884,1.4363137131802313
21.318313484437173,28.0566,1.3160797180547101
23.615896478684853,27.9458,1.1833469893985695
23.96475244582293,33.0772,1.3802437590280792
26.041273048952934,32.9411,1.264957359729558
27.696088579249253,30.2063,1.0906341490628924
22.51839160673193,31.820400000000003,1.4130849376687815
25.66533337939629,35.0545,1.3658306900521766
25.91065124784475,35.8015,1.3817290680016376
28.938905726409565,39.14,1.3525044923962326
8.523402404704001,12.0094,1.4089913194022263
4.984572810351102,5.6433,1.1321531883897789
6.464480652207694,7.725,1.1949915879726276
8.535236764690897,13.6416,1.5982684928476065
10.398559336363238,13.696399999999999,1.3171439962942153
2.7683516801383123,3.8417,1.3877210860030835
5.2235783982691055,7.2995,1.397413696790456
4.722001638191897,6.8973,1.4606729367084776
3.706766557259718,5.2044,1.4040269112192028
5.017978555974558,6.8195,1.359013380374154
2.7540040287158702,3.8192,1.3867808326267432
8.091482643728458,10.3885,1.2838808976562426
4.187615601683236,6.9296999999999995,1.6548080480965273
7.718225741233853,10.5085,1.361517575711654
7.811009597264991,10.4558,1.3385977663708257
5.6894262278464,7.6491999999999996,1.3444589478217783
7.977345334062423,11.925,1.494858189112299
15.080705606213757,21.2213,1.407182167342098
11.836067450273221,16.8463,1.423302128918767
15.780955520914944,20.7367,1.3140332328113509
14.728602002697059,19.822,1.3458167989311036
11.38292041835234,16.872799999999998,1.4822909569671145
14.840437494512294,21.656299999999998,1.4592763864278313
20.48603067055285,27.7622,1.3551771178350378
19.05333514172543,23.638099999999998,1.2406279438309078
14.46857056998601,18.071900000000003,1.2490452952891447
14.328817959033296,18.7145,1.3060742381894694
23.474487954946888,31.442700000000002,1.3394413569465713
19.284533614233993,24.278,1.2589363313448403
22.859632800773444,27.4449,1.2005835893860648
17.553450728138156,25.0409,1.4265514164607802
10.464318218135135,15.23,1.4554221003720742
13.559239409193294,18.0761,1.3331204984657348
20.172966464384732,25.565099999999997,1.2672950230267348
6.624680834164184,10.157399999999999,1.5332663194303953
7.715465935309183,9.655100000000001,1.2513955840066955
6.006973445164561,9.0705,1.5099950220857874
9.9841986365907,17.584,1.7611829091177218
9.221541247167401,16.194200000000002,1.7561272639727556
8.16495258978065,12.914200000000001,1.5816625826050188
12.78826269057177,19.604400000000002,1.5329994757187364
10.836866541409714,17.269099999999998,1.593551044853372
15.99414484275103,24.387900000000002,1.5248017471251827
15.494270474719851,23.44,1.5128172725682212
13.440646478216657,22.4763,1.6722633123657769
20.1396190261094,27.593799999999998,1.3701252225390586
15.394719823124088,22.9295,1.4894392534223375
16.225877774177913,23.7733,1.46514723769417
18.048740456329462,26.3432,1.4595589129191437
17.86300247386518,26.0356,1.4575153330517587
20.079652646259607,28.1937,1.4040930137928387
20.11172269280278,28.032,1.3938139675141596
22.350720819176253,30.920099999999998,1.3834050476560682
24.272679989962604,32.3634,1.3333261927971334
18.19195736028225,26.7752,1.4718152351465594
21.074089108700527,30.0093,1.4239903725001586
21.703717021733127,30.7563,1.4170982771845957
24.890249727611113,34.094800000000006,1.3698054608981345
4.724207938735878,6.9641,1.4741307093826783
3.4445518525753047,4.382,1.2721538788053999
1.5672741902874268,2.0785,1.3261878571603467
3.367650826102662,4.4868999999999994,1.3323530946920141
5.6787897472665945,7.1427,1.257785605363896
4.04155061138945,5.3923000000000005,1.3342156311995743
5.2235783982691055,8.1046,1.5515417558747764
1.2854893910872907,1.9564000000000001,1.5219106540780092
8.61772901354595,9.9931,1.159597845823667
8.455420681806952,10.8819,1.2869732222092705
5.706431766376326,7.8922,1.383035901086691
10.843166451634186,13.2172,1.2189428299339646
4.843128711869139,6.4392,1.3295537622651534
8.886378158175596,10.3059,1.159741327294115
3.0852091074164796,4.2377,1.3735535752870263
3.118291996028814,4.7993999999999994,1.5391117977765068
6.240433428459567,7.9946,1.28109691284271
11.01955343971607,16.1761,1.4679451475500804
7.615749224402001,11.8011,1.5495652039312833
11.020855380957448,15.6915,1.4238005542757413
9.733284090701327,14.7767,1.5181617902344893
6.223432244473815,9.0246,1.4501001449824606
9.630384681620615,10.9901,1.1411901355274388
15.415764801958666,22.717,1.47362134099981
13.837935054399226,16.498900000000003,1.192294943945038
9.348962339629066,10.9326,1.169391810859917
9.618749864180097,14.3249,1.4892683771043311
18.252731988204904,26.3975,1.44622185966782
14.308827632771852,15.3955,1.0759441929916966
17.864874840372405,23.055400000000002,1.2905436061548918
14.904507815451925,21.6857,1.4549759219501244
15.60014454453149,19.9887,1.2813150508279672
18.78275505048378,22.834799999999998,1.2157321936332153
25.344171376349887,30.3238,1.1964802300972794
7.3946822485424315,11.0546,1.4949391506550505
8.762975120395831,10.2355,1.16803937696649
7.1055617617495175,10.4122,1.4653591579557714
11.147871171447111,13.506200000000002,1.2115497023856219
10.430201825439557,17.5358,1.6812522224862119
9.395950258604817,14.2559,1.5172387685795206
14.046355043124116,20.946099999999998,1.4912124843557477
12.117474884162611,18.6107,1.5358562883694484
17.277071231130737,25.729599999999998,1.4892338901537345
16.77968602729432,24.7817,1.476886990596211
14.724576047697822,23.818,1.617567794335507
21.42405635631317,28.9354,1.3506032433243396
16.66789172518689,24.2712,1.4561649667620369
17.462170111654718,25.115,1.4382519377266618
19.30929596663092,27.684900000000003,1.4337601975671854
19.142433941490886,27.377299999999998,1.430189080640377
21.354241354204152,29.535400000000003,1.3831163331955678
21.36582454336157,29.3737,1.3747983346201589
23.61485225925343,32.2617,1.3661614159520443
25.549569482826186,33.7051,1.3192042246604496
19.39049048377297,28.1169,1.4500355224912835
22.21066597561827,30.098,1.3551147017851712
22.915165495880725,30.845,1.3460518103412675
26.11899469540451,35.034099999999995,1.3413265100193175
6.009197437222132,8.3058,1.3821812457937006
4.340471857808943,5.448,1.2551630740788018
2.8189935156599484,3.257,1.1553769038157973
4.347796754608164,5.7832,1.3301449737434192
5.7039824643204815,8.1025,1.4204987569093543
4.283161185949311,5.7692,1.3469490755859392
4.722001638191897,6.6843,1.4155649472750897
1.2854893910872907,1.9935999999999998,1.550849049258801
7.809083935992809,8.572799999999999,1.0977984191573547
7.330854932021545,9.4119,1.2838748123207764
4.6606044275784875,6.4222,1.3779757754160624
9.606298611029045,11.7473,1.2228747487104823
3.5918780747580628,5.1458,1.4326210113205484
7.60095840020586,9.0126,1.18571889562715
3.092721885758338,3.4436999999999998,1.1134851846387739
1.978473711890332,3.4768000000000003,1.757314226165832
5.132845621799837,6.5465,1.2754133832110977
12.273203102335225,17.517799999999998,1.4273209572052858
8.868960320900536,13.142700000000001,1.4818760626347598
12.141344466955251,17.0332,1.4029088826495921
10.758531961967815,16.1184,1.4981969712019916
7.145028954357334,10.173399999999999,1.423843075372821
10.416929768013441,12.699200000000001,1.2190924084939665
16.360755073323027,21.5158,1.3150860032788165
14.445282005778257,16.602400000000003,1.1493302791429671
9.768285493880287,11.036100000000001,1.1297888464576495
9.658576524482802,13.1206,1.35844034229491
18.95340382502466,23.4425,1.2368490755759802
14.564661804084254,18.684099999999997,1.282837888811161
18.139162211107383,21.8511,1.204636672063037
14.145315550425138,20.3631,1.439564916555572
15.185987400548383,18.5683,1.2227258926429425
18.17664597631293,21.4145,1.178132644928361
24.59428714375746,28.9035,1.1752119437759883
9.397534040526509,11.153,1.186800702386723
11.988385133782105,14.3011,1.1929129603703579
11.173630881825087,14.738700000000001,1.3190609351499
14.851431574586588,16.717200000000002,1.1256288604935616
14.719775131037581,17.9765,1.2212482758717835
14.10832223686624,19.168599999999998,1.3586732481847363
18.651339536073944,21.240099999999998,1.1387975624441922
17.44648870068482,22.749599999999997,1.3039643902160676
22.408815634787256,25.1702,1.1232275908828486
22.18450721837001,28.7331,1.2951876603419612
20.486424521028056,26.010900000000003,1.2696651860016575
26.91396726985575,29.6603,1.102041170764899
22.725258844498374,28.7359,1.2644916476696926
24.02096723967539,32.6383,1.358742122011281
25.533383969005463,35.2082,1.378908492612598
24.95352826806482,31.861,1.2768134292566262
27.25642417856281,31.7502,1.1648703363286936
27.646222767379754,36.897,1.3346126995524101
29.699169999006905,36.7455,1.2372567988003946
31.306105966509563,34.0108,1.0863950960999063
26.224910785877753,35.6401,1.359017015958444
29.35822928583124,38.874300000000005,1.3241363987425965
29.61562201500443,39.621300000000005,1.3378513535838048
32.63353110119107,42.9597,1.3164281813938314
12.22926017526347,15.8291,1.2943628455969927
8.668045578729094,12.5486,1.447685050340941
10.007210407229934,16.389200000000002,1.6377391233983905
11.9852200215951,17.4614,1.4569110928742117
13.126997885955872,16.098,1.2263276142691164
6.387592182738464,7.5424,1.180789221388027
3.706766557259718,5.027399999999999,1.3562763994818652
8.61772901354595,11.381200000000002,1.3206727644963345
7.809083935992809,9.299,1.190792681474459
3.0894644283728163,4.366,1.4131899237627796
3.5054254720033478,5.496,1.5678553270907343
5.8885333371057635,6.7471000000000005,1.1458031420972181
5.5127487882892,8.6594,1.570795320547758
6.992782429522975,8.516,1.2178271075682436
10.72324131200258,12.8575,1.1990311162361453
8.048764358180362,10.050799999999999,1.2487382600268162
9.236948890109902,12.256200000000002,1.3268667117042126
18.786640407702755,25.0411,1.3329205997754041
15.538791333622198,20.666,1.3299618713125878
19.434382165979816,24.5565,1.2635595919785159
18.303247660458382,23.6417,1.2916669455920984
14.840981577436507,20.6926,1.3942878300893522
18.207818024913397,25.4761,1.3991846779851136
24.024128078308642,31.582,1.3145950561475466
22.23555447803303,31.6842,1.4249341086277603
17.46987841032197,20.4735,1.1719314536215295
16.8866592872449,21.1161,1.2504604753854274
26.762039917795526,35.2624,1.3176275092748861
22.019376733620376,26.679599999999997,1.2116419244176035
25.579930145138324,29.8466,1.1667975569383089
18.394074625610546,26.019599999999997,1.4145642294922645
8.197012408250501,10.6389,1.2978997066408826
10.536366612233133,13.485100000000001,1.2798624512878352
16.78668977524542,20.9741,1.2494482402915175
11.245279922061549,13.920399999999999,1.2378882603616
13.652043212019526,17.0685,1.2502524153287589
12.515222525945262,17.5061,1.3987845572628188
16.48342766044709,19.484599999999997,1.1820721030465275
16.15056199941237,20.7439,1.284407316646613
15.367408427093306,21.9361,1.4274430268493319
20.06435668426419,24.0075,1.1965247816207478
18.55320122336796,25.517,1.3753421683294773
23.669180064485744,27.9376,1.1803366201906917
23.326582177981066,31.5006,1.350416437335373
21.448785537460644,28.778299999999998,1.3417216536450627
28.058099994985096,32.4277,1.1557339950244634
23.565518551183846,31.5033,1.3368388194630831
24.59193890355748,35.405699999999996,1.4397278774500448
26.30474328006795,37.9756,1.4436787919072938
25.933351812526606,34.6285,1.3352882516047684
28.20597941262368,34.5176,1.2237688858466491
28.397086967779554,39.6644,1.396777072416082
30.566464410918627,39.5129,1.292687942864783
32.34820126629056,36.7782,1.136947297231202
26.62648030120934,38.407599999999995,1.4424587690719142
29.526308221817917,38.684,1.3101536334777937
30.1176740627588,39.431,1.3092312479985744
33.26306808304663,43.6201,1.311367306560398
12.804650982615476,18.5965,1.4523238489864314
9.67594520830136,12.471,1.2888663310433648
10.006206488077765,12.6673,1.265944293183724
11.67452168945453,15.414,1.3203110508521563
11.782187902016263,14.6909,1.2468736810321939
7.690740054983833,10.4858,1.3634318576669202
5.017978555974558,6.599,1.315071383105659
8.455420681806952,11.6504,1.3778616627635691
7.330854932021545,9.568200000000001,1.305195654357532
3.0894644283728163,3.8876,1.2583410782455755
2.8103154281902953,4.2238,1.5029629619618603
3.108961826490417,3.8205,1.2288668093145454
3.9991936122018763,6.4489,1.6125500851781378
3.9586787489001214,5.9301,1.4979998065383857
9.726873172606915,12.006,1.2343123825045468
6.789448757271147,9.4278,1.3885957957784592
6.973641180827995,8.5085,1.2200943207963804
19.346361891185,27.8085,1.4374020374688998
15.969904842258806,23.4335,1.4673537651890938
19.46368418051425,27.323900000000002,1.4038400822057562
18.080485846685804,26.4091,1.4606410593131738
14.429721380218528,18.759400000000003,1.3000528219288394
17.533598510043213,21.2851,1.2139607273320383
23.617481425444403,30.1018,1.27455588755411
21.190662931896306,25.1884,1.1886555923687634
16.27822873231771,19.6221,1.2054198477407796
15.234514935326487,19.709,1.2937070910146191
25.823114395366073,32.028400000000005,1.2402996598174643
20.436240490490263,25.2725,1.2366511351126557
23.935365290824077,28.4395,1.1881790670185692
15.610857891007504,22.0946,1.4153354129709552
10.92308727985426,13.1998,1.208431248585255
12.605919996320946,16.046,1.2728940057277094
18.157814546783992,23.535,1.296136158862157
8.807924774962547,10.578,1.2009639353493433
11.073471036854475,13.7261,1.2395481014324332
9.828186423171823,14.1637,1.4411305799619731
13.862243614212058,16.1422,1.1644723934479444
13.460236945862073,17.4015,1.2928078510051446
12.63405074317469,18.5936,1.4717053443880495
17.350114618680813,20.6651,1.1910641776250834
15.777122003488383,22.174599999999998,1.4054908110045108
20.90990423551244,24.595200000000002,1.1762464200208351
20.547330883169984,28.158099999999997,1.3704018375965261
18.650048900519874,25.4359,1.3638516518469272
25.273993099151813,29.0853,1.1507995545419412
20.757476659054788,28.1609,1.3566629731805915
21.786141059182327,28.9237,1.327619238369402
23.494535571902702,31.493599999999997,1.340464888255269
23.132716001624374,31.186,1.3481339587539192
25.40197528551964,31.1752,1.2272746370937295
25.586783285154223,33.1824,1.296857038659207
27.757736908485324,36.0704,1.2994719316967644
29.549793587339074,33.4358,1.1315070577794468
23.836288982905884,31.9255,1.339365369453914
26.774564612141976,35.159699999999994,1.3131754151496249
27.31916447604624,35.906699999999994,1.3143410747969033
30.456663256048483,39.2451,1.2885554688006144
9.994403259131385,12.1145,1.212128396853668
6.934078798531063,9.0571,1.3061720616614112
7.237755695408846,9.2534,1.2784902377776781
8.998249185286724,12.5936,1.3995611524730978
9.667909689304793,12.426200000000001,1.2853036901809902
5.108170433353659,7.071899999999999,1.384429139995843
2.7540040287158702,3.7641,1.366773599730395
5.706431766376326,8.236600000000001,1.4433888526507996
4.6606044275784875,6.1543,1.3204939607366748
3.5054254720033478,4.4853000000000005,1.279530840356636
2.8103154281902953,4.3721000000000005,1.5557328391480303
5.62483027052819,6.7075,1.1924804265018547
2.0382957691518664,3.6141,1.7730989067910516
4.9648944572835205,6.8275,1.375155113314449
7.3540771379898535,9.1857,1.2490622314183122
4.571386376673889,6.379,1.39541912986172
5.898349181310031,9.4058,1.5946495724267988
16.538679739740235,21.3265,1.2894922893243572
13.166745344104863,16.951400000000003,1.2874404081635589
16.72703725721629,20.841900000000003,1.2460006921434041
15.407077004380989,19.9271,1.2933731683390526
11.805499430608519,15.939,1.3501334775108635
15.033285194273928,18.4647,1.2282544873846386
21.02054652674782,27.2814,1.2978444668546314
18.90033060455407,22.368,1.1834713618506962
14.069538038421433,16.8017,1.1941898841395868
13.387986431651283,17.4443,1.302981601382487
23.47921101811617,29.208099999999998,1.2439983599731486
18.53454151065951,23.0078,1.2413471348491598
22.089354182030757,26.174799999999998,1.1849508946392227
15.333825331193715,21.359900000000003,1.3929922598340414
11.592534465967894,14.4809,1.2491573816331067
14.035534276399577,17.327,1.2345094713733091
20.144403374059724,24.8161,1.2319103990915956
14.315144016913633,16.063399999999998,1.1221263286642988
16.670063165678805,19.2115,1.1524551412350756
15.453001243351427,19.649099999999997,1.2715394045835542
19.477207297632155,21.627599999999997,1.1104055971427313
19.084798602431928,22.8869,1.1992214577042264
18.248062873150264,24.079099999999997,1.3195428011939487
22.969366735973743,26.1505,1.1384946002470364
21.346129194320095,27.66,1.2957852802352539
26.497026384785936,30.080599999999997,1.1352443690538678
26.10456910286542,33.6436,1.2888012005648102
24.15447452302019,30.9213,1.2801479067793733
30.81621072255983,34.570699999999995,1.1218348781179508
26.19577109751632,33.646300000000004,1.2844172395135214
27.06632405696038,34.409099999999995,1.27128825944694
28.88161207219138,36.979,1.280364818541593
28.621224789633345,36.6714,1.2812659230880448
30.867958022043098,36.660599999999995,1.18765873576154
30.95151996293852,47.2804,1.5275631069690196
33.175182992057685,41.555800000000005,1.2526170544394188
35.04189175009489,38.9212,1.1107048751126458
28.9835704575559,44.4672,1.534220915436165
31.709856203853924,44.931,1.4169411463474002
32.51658903095691,45.6781,1.4047629644214183
35.72526813392012,49.8671,1.3958495654411232
15.428666833383884,17.5999,1.140727205406892
12.550907642738636,14.5426,1.158689109501468
12.408709263273307,14.7389,1.1877867139351452
13.812399039111433,17.110799999999998,1.2388000050931598
13.043135950644972,16.387700000000002,1.2564233066350616
10.694705495837201,12.5574,1.1741697800736852
8.091482643728458,9.7145,1.2005834317063646
10.843166451634186,13.722,1.2654974966221182
9.606298611029045,11.6398,1.2116841742392102
5.8885333371057635,6.4902,1.1021759797304567
3.108961826490417,3.5644,1.1464920442666577
5.62483027052819,6.2954,1.1192159935892325
6.016114049909492,8.1457,1.353980315602984
3.131021489762426,4.5863000000000005,1.464793523454225
11.43663465470717,13.7029,1.1981584105565586
8.532301386904923,11.124600000000001,1.3038217352558183
7.50238151660024,9.456700000000001,1.2604930819734392
21.861186254071015,26.8119,1.2264613497360903
18.458297233378914,22.4369,1.2155454924317945
21.64878757072597,26.3273,1.2161096742249176
20.11034305469139,25.4125,1.2636532321148897
16.403367992294317,20.4562,1.2470731626340121
19.2196625826545,24.8673,1.2938468556905063
25.424623412112247,36.348800000000004,1.4296691601215024
22.469262941746432,30.2863,1.3478991312941566
17.521048218619764,21.806,1.2445602413688117
16.0102095734721,20.921599999999998,1.3067661546833067
27.138068644945566,36.9273,1.3607195295704166
21.157821733956368,25.032,1.183108559792142
24.52536905269978,29.613799999999998,1.2074762233492293
14.544387416006051,18.284599999999998,1.2571584816200547
12.749920410475696,15.9528,1.2512078104340736
13.553525006299399,18.799,1.3870192434265338
18.12147501813098,26.288,1.450654539638645
9.509316194001467,11.2832,1.1865416786874234
11.468883220613233,14.431299999999998,1.2583003700013582
10.008309358427942,14.8689,1.4856555155820579
14.11727385608329,16.8474,1.193389047471107
13.554940577854923,19.8745,1.466218157567545
12.611148429160275,19.2989,1.5303047227146969
17.329895786474186,21.3703,1.2331464807006693
15.53881932554152,22.8798,1.472428472245117
20.707822421195402,25.3004,1.2217798417135297
20.256353146680077,27.1204,1.3388589645735371
18.245312756666653,26.1567,1.4336120377241879
24.934752939792524,31.2742,1.254241422624668
20.232393795796575,26.609900000000003,1.31521263714867
21.054042175741436,27.4537,1.3039633800882322
22.891810889703596,30.0236,1.3115432476992974
22.687817613588745,29.716,1.3097778070201764
24.914741763994577,31.8741,1.2793269262803562
24.953126226110886,31.712400000000002,1.2708788354870033
27.193611975582144,34.6004,1.2723723509428835
29.102937495732203,34.141,1.1731118209289562
22.970517203316096,30.455599999999997,1.3258560845814709
25.738904343625347,34.3881,1.336035891073847
26.50102764094285,35.1351,1.3258014170634618
29.710134621717486,37.7752,1.2714583922614446
9.504113152215147,10.6445,1.1199887700746767
7.051009760506694,7.5872,1.0760444613899918
6.40311817407277,7.7835,1.215579626738206
7.83124351788205,11.1181,1.4197106723360937
7.840034190173723,10.950700000000001,1.3967668678951706
5.77890606764243,7.7772,1.3457910388172818
4.187615601683236,6.4851,1.5486378447423106
4.843128711869139,6.6613999999999995,1.3754331954207188
3.5918780747580628,4.7956,1.3351232698295352
5.5127487882892,8.2241,1.4918328978586066
3.9991936122018763,6.2351,1.5590893076484682
2.0382957691518664,2.9724,1.4582770788151191
6.016114049909492,8.514700000000001,1.4153155889935463
4.2285320035783585,4.597300000000001,1.0872094608979135
5.7285968278854025,7.7101999999999995,1.3459142319928397
2.7926139092329527,4.9035,1.755881822327113
3.9051773168372317,4.8599,1.2444761417225452
15.860383070354585,19.8565,1.2519558898369076
12.456008159643687,15.4815,1.2428941761742438
15.668451930143956,19.3719,1.236363368019218
14.19421555656696,18.457099999999997,1.3003254689520911
10.509674288157452,14.4635,1.3762082062141365
13.544648002157992,16.9892,1.2543109276293638
19.659018026652184,25.8059,1.3126749243026457
17.20705170623069,20.8925,1.2141824384961197
12.312345926976796,15.3262,1.2447830893395986
11.449030420193477,15.9688,1.3947731304682955
21.830983493576596,27.7325,1.2703275602842092
16.625014225690084,21.5323,1.2951748315936384
20.16365497657616,24.6993,1.2249416104715556
13.432032774547057,19.1297,1.4241850300015422
13.630758198521711,18.2197,1.3366607883907713
16.008678095928115,21.065900000000003,1.315905028120855
21.96857550382895,28.5549,1.2998066258334822
13.604967958208018,15.783700000000001,1.1601423868460883
15.670924576475871,18.9318,1.2080844309862313
14.234665197709894,19.369400000000002,1.3607204476517085
18.342486466543097,21.347900000000003,1.1638498433098923
17.781973174566524,22.607200000000002,1.2713549715807118
16.828862631098655,23.799400000000002,1.4142013350337914
21.540269632214706,25.870900000000002,1.2010481039340655
19.697941914537857,27.3803,1.3900081601820675
24.864342343102738,29.800900000000002,1.1985396431877333
24.379429299912488,33.124199999999995,1.3586946434434746
22.322319419836482,30.641599999999997,1.3726888959742543
29.02281962495373,34.2911,1.1815220038275198
24.230107053209434,32.6138,1.3460031327298692
24.889905876900425,33.4575,1.3442196272445894
26.822589263619967,36.0274,1.343173831799479
26.72485681592406,35.719800000000006,1.3365759167965416
28.918088140076325,41.7861,1.444981417775349
28.85089266387274,39.3647,1.3644187879598162
31.13640024709516,44.4846,1.4287008018581129
33.1203402609552,38.6415,1.166699970336765
26.664956179813878,36.5515,1.37076917559949
29.21407918925949,37.0153,1.26703634094374
30.224457995699964,37.7623,1.249395440122448
33.49043633326706,41.9514,1.2526382034123695
13.607983440353339,16.648400000000002,1.2234288844466523
11.276167693996301,13.591,1.2052853743241305
10.394000670069426,12.6766,1.219607387221318
11.470889724055013,13.7454,1.1982854277794361
10.13622611426619,13.022200000000002,1.2847187753311817
9.853496899553813,12.277700000000001,1.2460246474077605
7.718225741233853,10.2056,1.3222728049372277
8.886378158175596,11.9557,1.3453962668694877
7.60095840020586,10.5867,1.3928112012444742
6.992782429522975,8.6301,1.2341439315435299
3.9586787489001214,5.8993,1.490219432844623
4.9648944572835205,6.7865,1.366897133139291
3.131021489762426,5.1654,1.6497491367879233
4.2285320035783585,4.7802,1.1304632425519772
8.826162327134469,10.337399999999999,1.1712225106283733
6.107883454074527,7.7591,1.2703418554628705
4.461193092656944,5.9083000000000006,1.3243766582811607
19.780485059482942,25.8603,1.3073642998255162
16.390913145953654,21.4853,1.3108055548024165
19.21911173937685,25.375700000000002,1.3203367743582706
17.565973626701933,21.4288,1.2199039151138316
13.864848516733378,17.090700000000002,1.2326640265397324
16.45114465267952,19.6165,1.1924094288967857
22.684894293973247,28.4331,1.253393541602435
19.491144370468476,23.5197,1.2066864599102396
14.556894201464278,17.953400000000002,1.2333262680575139
12.923500066361209,18.9881,1.4692691532864566
24.157362305707807,30.3598,1.2567514456173348
18.049015944921326,23.0985,1.2797650614575202
21.40022717906734,27.680400000000002,1.29346290431326
11.800047412418026,16.351200000000002,1.3856893475523222
14.84189175881426,19.339599999999997,1.303041439344459
16.208022753644922,22.1858,1.3688159461036524
21.15520779848611,29.674799999999998,1.4027184361726552
9.571945964429824,15.068100000000001,1.574194009869504
10.266568265149022,11.7373,1.1432544640884077
8.50132635586732,9.9382,1.1690175843138877
12.142005737077264,17.3837,1.4316992082219588
11.201345203718313,15.9939,1.427855289620999
10.056340863389481,15.3978,1.5311533498288943
14.327994000781073,19.4041,1.3542789031697116
12.102333921594475,17.0688,1.4103725868564694
17.07661482365535,21.8507,1.279568592818019
16.43144183405299,20.9028,1.2721220822314228
14.239145875865583,19.9391,1.4003016876030088
20.861109204226796,25.0566,1.2011154227083538
15.88026818377134,20.392400000000002,1.2841344846329348
16.25932470121499,21.236099999999997,1.3060874538296854
18.30976526062094,23.806,1.3001805135754465
18.438421538350212,23.4984,1.2744257935054528
20.525877007961316,31.565099999999997,1.5378197963359581
20.272268152536306,29.1436,1.4376092394157574
22.61210017721243,34.2636,1.5152772069588425
24.72684456298097,29.8263,1.2062315482280956
17.90317474466372,26.3305,1.470716807243819
20.387987360655607,26.7943,1.314219963256755
21.470042146429993,27.5413,1.2827781059842738
24.76750679072209,31.730400000000003,1.2811301625194753
6.215614688577012,7.6723,1.2343590110403833
6.3722566691870215,7.9557,1.2484901994719864
3.30980223817781,4.7077,1.4223508419015976
2.9765243973699547,3.6021,1.21016982195167
2.6342458543206213,3.4785,1.3204917810897017
7.101687746056906,8.3567,1.1767202809838997
7.811009597264991,10.697799999999999,1.36957967683791
3.0852091074164796,4.3502,1.4100178783806359
3.092721885758338,3.459,1.1184322832028106
10.72324131200258,12.5863,1.17374025574824
9.726873172606915,11.9368,1.2271980715875623
7.3540771379898535,9.765600000000001,1.3279164491697604
11.43663465470717,14.2164,1.2430579824589145
5.7285968278854025,7.9793,1.392889086060085
8.826162327134469,10.3041,1.1674496364429956
2.9540024944702674,4.163399999999999,1.4094097780193682
4.920098309203472,6.5426,1.3297701771042862
11.348754535044492,13.6389,1.2017970745497784
8.105383206134878,11.2986,1.3939624707007328
10.418235576411051,13.1543,1.2626226296690717
8.739976447096033,11.2855,1.2912506193022693
5.040446348647167,6.9475,1.3783501538241105
7.830271906443373,9.3954,1.199881704269901
13.997172468670485,18.2121,1.301127069825258
11.54625835003791,13.2986,1.1517670570705996
6.748187793466503,7.732399999999999,1.145848372430654
6.597257385634614,9.5616,1.4493295381835758
16.135600444411182,20.1387,1.2480911428973414
11.473532725461734,12.892,1.123629513984864
15.048653658170341,19.8808,1.321101571714766
12.222312131557908,18.34,1.50053441628661
18.271883708215316,22.5819,1.2358824279210379
21.19046251944395,25.428,1.1999738078707707
27.483659381228048,32.917,1.197693492828071
9.32727837354883,12.290299999999998,1.3176726916239556
10.740169721120095,12.731200000000001,1.1853816401955575
9.073416547799011,12.021600000000001,1.3249253946041029
13.092629095685451,17.8545,1.363706240321417
12.339815927027502,17.8536,1.4468287132951339
11.279149322921036,14.559,1.2907888337300208
15.875519557103022,21.2638,1.3394081323458893
13.859078783658461,18.9285,1.365783418615024
18.98868510755373,25.3094,1.3328674342981166
18.442454817974077,24.3614,1.3209412868539225
16.331254471109947,23.3978,1.4327007175958713
23.02638531358933,28.5152,1.2383706609465694
18.168944525741086,23.851,1.3127344830740602
18.78262378594495,24.6948,1.3147683881353753
20.729896082884967,27.2647,1.3152357296431556
20.68542966472758,26.957099999999997,1.3031926547780033
22.853543186434248,35.1016,1.535936887932377
22.749391373547628,32.680099999999996,1.4365263432058022
25.044529005358935,37.8,1.5093116740950365
27.059781940013643,33.2849,1.230050562631519
20.570728049321765,29.867,1.4519174979314717
23.197776966745373,30.3308,1.3074873529252395
24.126225379895242,31.0778,1.2881335356295565
27.38510991216563,35.2668,1.2878093282485967
7.7323808066273045,11.001100000000001,1.4227312745087681
6.315338781757141,7.9437,1.257842259064017
4.444811985416244,5.6023000000000005,1.2604132679585909
5.366115166896711,7.0608,1.315812236673136
5.098567858345889,6.9971000000000005,1.3723657690554003
6.006597895653384,8.7842,1.4624251785451796
5.6894262278464,7.92,1.3920560145830263
3.118291996028814,4.881399999999999,1.5654082447110556
1.978473711890332,3.5124,1.7753078946113865
8.048764358180362,9.808399999999999,1.218621836037631
6.789448757271147,9.0278,1.3296808507953894
4.571386376673889,6.5521,1.4332851043685495
8.532301386904923,11.3074,1.3252462011426602
2.7926139092329527,5.2773,1.8897349119948759
6.107883454074527,7.395,1.2107303709383725
2.9540024944702674,3.6528,1.2365595516042533
3.1551061929932254,4.4077,1.3970052766491667
13.692587935724108,17.0976,1.248675566683211
10.318064981096551,13.4605,1.3045566222601446
13.157632162907438,16.6129,1.2626055960762663
11.579994443808266,14.744200000000001,1.2732475884635344
7.8716503219652205,10.4061,1.3219718323821623
10.78400954195153,12.931899999999999,1.199173642205418
16.937912813533703,21.7485,1.2840129855092033
14.417731213601298,16.835099999999997,1.167666379029054
9.536023288842852,11.2689,1.1817190099760573
8.850161537874758,12.0152,1.3576249369664366
19.038566459803523,23.6752,1.2435390054175501
13.970725850470323,17.5787,1.2582524478789494
17.531715753434558,20.7457,1.1833239993031375
12.314202002269154,17.571099999999998,1.4268971709869749
15.930243681034167,19.804,1.2431699349067555
18.58356024605002,22.6502,1.2188299604654256
24.698268346045694,30.139200000000002,1.2202960781590757
12.422022721726202,16.5661,1.3336072853115764
13.895269619599812,17.007099999999998,1.2239489024387715
12.22472932203882,15.7995,1.2924212539836413
16.22435348815415,22.1303,1.3640173715493775
15.440666469158899,21.8552,1.4154311307516068
14.358184805961002,21.2591,1.480625879057775
18.886559297118055,25.265400000000003,1.3377449858670294
16.784436925301335,22.9301,1.3661524722008707
21.85597305896522,27.712,1.2679371412673235
21.25433645710889,26.7641,1.2592300895400699
19.089497118627403,25.8004,1.3515494850214855
25.74445895540595,30.917900000000003,1.200953574264481
20.787692237184412,26.2536,1.2629396135198852
21.170996691884643,27.0974,1.2799302930497878
23.229837761243513,29.6673,1.277120413191034
23.339936505018965,29.3597,1.2579168753816687
25.441539771437846,37.5042,1.4741324753505838
25.188459360056044,35.082699999999996,1.392808488145737
27.53141777619482,40.2027,1.4602480819117665
29.644123349233833,35.6875,1.203864239113091
22.760208986167427,32.2696,1.4178077195869303
25.101338791090228,32.7334,1.3040499661165001
26.327521700549546,33.4804,1.2716882500680324
29.641291779527833,37.6695,1.2708454233434239
10.698332838144015,13.5336,1.2650195319916646
9.462880444786773,12.2196,1.2913192839429712
7.4301975708146,8.7975,1.1840196597942547
7.851590946641458,9.4634,1.2052843894074738
5.733567582109753,8.4237,1.4691899727988158
8.943825640025528,13.0601,1.4602364274134847
7.977345334062423,12.195799999999998,1.52880431889105
6.240433428459567,8.076600000000001,1.2942370257755778
5.132845621799837,6.551699999999999,1.2764264664758493
9.236948890109902,11.700899999999999,1.2667494579869631
6.973641180827995,8.1085,1.162735476309273
5.898349181310031,8.9956,1.5251046900553396
7.50238151660024,12.373700000000001,1.6493029543513853
3.9051773168372317,4.8309,1.2370501024810066
4.461193092656944,5.545,1.2429410439837238
4.920098309203472,6.0554,1.2307477654811991
3.1551061929932254,4.4077,1.3970052766491667
16.26025786462634,19.5002,1.1992552739536837
12.976628489461087,17.1599,1.322369675138372
15.253388644211936,19.0156,1.2466475773706633
13.48163106424362,17.1468,1.2718639101078242
9.852110960110325,12.8088,1.3001071599640779
12.131167911566756,15.3345,1.2640580125330678
18.36304077451922,24.1512,1.3152070126377162
15.031740840249647,22.793400000000002,1.5163513156751212
10.103151378686801,13.8959,1.3754025332446493
8.515454739678434,13.441799999999999,1.578518166195737
19.69701024925703,26.0778,1.3239471204003488
13.687216815641545,19.0053,1.3885437964481595
17.10954184905943,22.1723,1.2959026136178444
9.576544408274954,14.933399999999999,1.5593725004915409
17.427579030429573,21.3062,1.2225564986851087
19.5305818290741,24.1524,1.2366451860663799
25.079362148256852,31.6414,1.2616509069469792
10.856478191001214,16.3646,1.5073580688039692
8.68012521501015,11.8664,1.367077053160474
8.285090235713962,13.739799999999999,1.6583766270610787
7.277729593198056,10.9342,1.5024191074946467
6.279373617286119,8.8903,1.4157940810412069
5.886954253531584,8.2942,1.408911916552487
5.611838406070592,10.931,1.947846536025595
3.5705487915692786,8.5957,2.4073890322675404
6.373284185811809,8.2789,1.2990006029278387
5.510459719618219,7.331,1.3303790197214096
3.295884916614194,6.3674,1.931924251330086
9.56501342617344,11.4848,1.200709239839989
4.534089038786152,6.820600000000001,1.504293352348013
5.253647366653242,7.6643,1.458853148128674
7.043160419854521,10.234200000000001,1.4530692742919793
7.100470977473635,9.9266,1.3980199386058063
9.184125894890514,12.0848,1.3158356209732756
9.092807565301174,11.923,1.311256167511897
11.356065368659907,14.8111,1.3042457505462397
13.389998371040496,16.2545,1.2139284523853837
7.46739613658893,10.6662,1.4283693813613947
10.828472956733318,15.1199,1.3963095314005658
10.831620402109454,14.9342,1.3787595434097348
13.919234203660183,17.985799999999998,1.2921544200521087
6.581922378289632,10.3369,1.570498618169078
10.153530890051952,13.9229,1.3712372721139927
9.457275749437139,13.3366,1.4101946853768903
8.417250046015694,11.392299999999999,1.3534467834174113
11.660975990331094,14.170200000000001,1.215181303155883
12.472032102508344,19.1251,1.5334389651028566
15.080705606213757,22.296400000000002,1.4784719350806197
11.01955343971607,16.7088,1.516286489412453
12.273203102335225,17.6249,1.4360472855408468
18.786640407702755,25.3169,1.3476012448516212
19.346361891185,27.4098,1.4167935115743406
16.538679739740235,24.420099999999998,1.4765447051569518
21.861186254071015,29.7452,1.3606397957686682
15.860383070354585,20.4685,1.290542599709251
19.780485059482942,24.3352,1.2302630560787733
11.348754535044492,13.7879,1.214926268554274
13.692587935724108,18.0277,1.3166028280866862
16.26025786462634,19.5401,1.2017091095774592
3.4044190511773524,4.291399999999999,1.2605381228012755
3.3433690458034677,4.7923,1.4333745196376697
4.804915789527901,6.4316,1.3385458313374368
6.883278209873842,8.639299999999999,1.255114167491763
7.470824674332914,11.420200000000001,1.528639808565677
8.196622297631544,9.7394,1.188221153341938
10.929729238743418,14.5532,1.3315242932471005
10.459990395815778,15.966,1.526387634771323
13.110162661249634,20.4741,1.5616968705137677
13.072184321112367,15.103,1.155353966024465
14.34108366030461,18.2484,1.2724561429420178
16.781714204434817,21.354,1.27245642130867
21.9304724524394,31.3699,1.4304251797598926
23.658959280350842,35.342400000000005,1.4938273311688928
27.540977319915182,38.1886,1.3866101974669363
34.55390026932282,45.6776,1.3219231300656638
8.352536468564285,10.5675,1.26518453882506
6.722271291785576,9.7418,1.4491828099684405
5.757048656049977,7.9428,1.3796652546358206
6.493795614506067,7.7542,1.1940936334180887
5.306900463957842,6.3644,1.1992687715219523
4.368382439174097,5.7684,1.3204887805314491
6.853006878278584,8.9393,1.3044347041784197
4.420700616081419,6.604,1.4938808513691872
9.03787903710246,14.298399999999999,1.5820525967765176
8.344545155612517,11.421,1.3686785543150028
6.136397492516205,10.015799999999999,1.6321954391342828
12.76785040221206,15.5748,1.219845119527844
7.851616097135008,10.9105,1.3895865341634768
8.625007927863315,11.754299999999999,1.362816138641151
10.442753418411208,14.324200000000001,1.371688042996933
10.380196887203642,14.0166,1.3503212079993583
12.535487962083234,16.1747,1.2903127543917308
12.49722656271107,16.013,1.2813242938060525
14.752401976708514,18.901,1.2812150882169158
16.74177807449733,20.3444,1.2151875332161122
10.703327414209209,14.756200000000002,1.3786553871472154
13.845998391108038,19.64,1.418460369937129
14.156384737805995,19.0242,1.3438600569532442
17.296310812075777,22.0758,1.2763299781007245
3.3237438854988364,4.5398000000000005,1.3658693799503312
7.023713648144064,8.1258,1.156909351244288
6.052890219273977,7.5396,1.245619815801706
5.132964120028424,6.6167,1.2890602477001845
8.798328736156042,11.748899999999999,1.335355878636225
9.330177237317743,13.328,1.4284830460339206
11.836067450273221,16.499299999999998,1.3939849590515077
7.615749224402001,10.911700000000002,1.432780896334832
8.868960320900536,11.8278,1.3336174221150456
15.538791333622198,19.5198,1.2561980903729533
15.969904842258806,21.6127,1.3533393100007394
13.166745344104863,18.623099999999997,1.4144042064531994
18.458297233378914,23.9481,1.2974165329125618
12.456008159643687,14.6714,1.1778572887848595
16.390913145953654,18.5381,1.130998610933181
8.105383206134878,10.7823,1.3302640634978236
10.318064981096551,12.2306,1.1853579156951768
12.976628489461087,16.5345,1.274175338642732
3.4044190511773524,5.8068,1.705665463830556
4.355291728916346,5.3222,1.222007693460349
4.340910776621369,5.0508999999999995,1.1635576633370086
4.290288027490427,6.218,1.449319943126796
6.372695910367762,8.572,1.3451136097760732
9.647376597098635,11.2999,1.1712925152521096
10.70691812473105,14.780100000000001,1.3804252379459814
8.706989001419464,12.393600000000001,1.4234082526094296
10.973986218511767,20.701,1.8863701473471832
13.917570877245035,18.358400000000003,1.3190807621476273
13.34310351746271,18.4753,1.3846328911276569
16.295395571864816,22.0832,1.3551803577035129
19.329352859455284,24.410400000000003,1.262866903899436
20.915935008611196,29.5454,1.4125784951921112
24.672389985303706,32.3915,1.3128642997007685
31.613044805747965,39.8805,1.261520370627154
12.707496482020755,15.839799999999999,1.2464925740810548
10.963108435382217,15.014100000000001,1.3695112192399426
10.108415326341643,13.215,1.3073265762599673
10.162691360284665,13.4041,1.3189517938508506
9.047021534121066,12.014299999999999,1.3279840171362218
8.36198575314717,11.4182,1.3654890521312566
8.95065135803812,13.7829,1.5398767585358226
6.798417374601634,11.4476,1.6838624887561855
9.352393162073337,12.3917,1.3249763761271214
8.402957045130496,11.4438,1.3618777221563532
6.365278906897755,10.4801,1.6464478859902283
11.711427305668995,15.5976,1.3318274188876942
6.736781881627634,10.9333,1.622926226811201
6.195389543036191,11.7771,1.9009458433873339
8.463915577795174,14.347,1.6950783438387453
9.178757799020657,14.039399999999999,1.529553378290247
10.862485720379373,16.1975,1.4911412007300942
10.198925859405636,17.0765,1.674342988212993
12.595633292917434,18.9238,1.502409570040509
14.913525978341815,20.3672,1.3656864265082778
7.509831271762015,14.2633,1.8992836834606317
10.071676767218538,14.7271,1.462229213702927
11.075705600790773,15.4741,1.397120920124059
14.400183078771823,19.6632,1.3654826395219035
7.49671093204023,9.812100000000001,1.30885398796211
11.19811326668174,13.398100000000001,1.1964604823085674
9.501814585779615,12.8118,1.3483529787219906
7.83898072300343,10.8675,1.3863409522247456
9.983065676067042,20.519099999999998,2.0553906651332143
13.451368269730148,18.6003,1.382781262621185
15.780955520914944,21.7716,1.3796122783025075
11.020855380957448,16.184,1.4684885556128222
12.141344466955251,17.100099999999998,1.4084189808254637
19.434382165979816,24.792,1.2756772913212944
19.46368418051425,26.885,1.3812903944935297
16.72703725721629,23.8953,1.4285434791921217
21.64878757072597,29.2204,1.3497476431203268
15.668451930143956,19.9437,1.2728570817919191
19.21911173937685,32.653,1.6989859075068119
10.418235576411051,18.348200000000002,1.7611619420033042
13.157632162907438,21.7212,1.6508441436168158
15.253388644211936,27.1813,1.781984359935275
3.3433690458034677,4.556,1.3626973084884553
4.355291728916346,5.489,1.260305931645533
1.9871272355365521,2.6204,1.3186875772916753
5.401490420838295,8.1145,1.5022705527154585
4.553097489171123,7.335100000000001,1.611013165750451
5.335710548230557,6.387,1.1970289509272714
7.593549112472836,10.4681,1.3785516949914172
7.7382270941923395,11.8809,1.5353516839686447
10.560489623512254,16.389,1.551916680407596
9.919909793557046,11.7506,1.1845470618726777
11.127784641886024,14.1633,1.2727870331609412
13.450694516504168,17.268900000000002,1.283866790581769
19.626030354287586,27.2848,1.390235289941822
25.214267655463637,34.8176,1.3808689776661205
28.90893757078615,37.6638,1.3028427595367964
35.79232655921797,45.152800000000006,1.2615217936530403
12.411078733526534,15.9116,1.2820481073105572
11.026657860054476,15.085899999999999,1.3681298713956351
9.895921533032865,13.2868,1.3426541384395871
10.740631009142282,13.5015,1.2570490494001425
9.567149006350226,12.1117,1.265967530343765
8.694431176306866,11.515600000000001,1.3244799764912836
10.206805971747043,13.299299999999999,1.302983522642944
7.873737501806452,10.964,1.392477206343818
11.098413603655334,13.8561,1.24847572768746
10.180637226631957,12.9082,1.2679167042936073
8.045004676569155,11.9445,1.4847101375575347
13.674051268376779,17.062,1.2477648112566568
8.662355342538365,12.3977,1.4312158194571423
8.177252915634327,13.2415,1.6193090927496192
10.45085483972,15.811399999999999,1.5129288696946077
11.139201551761259,15.5038,1.3918232763773486
12.849180420721385,21.2999,1.6576854945277646
12.168502849503048,18.878400000000003,1.5514151768285103
14.56696285856183,20.3883,1.399626002891649
16.896768174091342,21.8317,1.292063652354279
9.369047529150288,16.0653,1.7147207280158838
11.649395964255122,16.5291,1.4188804338626404
12.91741158481614,17.2761,1.3374273852439067
16.261027245819864,21.4651,1.3200334564052785
6.912795129970856,9.883899999999999,1.4297979057917876
10.459230972078618,13.469899999999999,1.2878480297412396
8.296058627824594,9.865,1.1891188867582552
6.411023250547853,8.685799999999999,1.354822726505906
8.076550833434341,10.8453,1.3428133151968686
12.601633158544017,18.672099999999997,1.4817206440690707
14.728602002697059,21.843400000000003,1.4830599669948379
9.733284090701327,16.2558,1.6701248878094441
10.758531961967815,17.1719,1.5961192531382444
18.303247660458382,24.8639,1.358441980420502
18.080485846685804,26.956799999999998,1.4909333868891164
15.407077004380989,23.9671,1.5555903298974214
20.11034305469139,27.6172,1.373283385812625
14.19421555656696,20.0155,1.4101166718395945
17.565973626701933,20.8715,1.188177805770661
8.739976447096033,11.357899999999999,1.299534394486132
11.579994443808266,14.7309,1.272099055960817
13.48163106424362,17.1101,1.2691416875647867
4.804915789527901,5.6443,1.1746928036286295
4.340910776621369,5.0054,1.153075992014703
1.9871272355365521,2.7831,1.4005645689056867
3.7099159354143407,6.2092,1.6736767377200765
2.68236437562832,3.4075,1.2703344970430512
5.780105225831458,7.5196000000000005,1.3009451742149416
6.456532305993872,9.0051,1.3947270102931546
5.800280573858565,7.3289,1.2635423246645705
8.593349393639818,14.926,1.7369246048632863
9.62221464993926,12.5834,1.3077446781006317
9.566605582566282,12.700299999999999,1.3275659679274756
12.201918205675964,16.3082,1.336527562724844
17.64262804332045,19.3457,1.0965316478076712
24.537356309887706,34.8895,1.4218931966171406
28.09525104497119,37.7356,1.3431309063442005
34.873982718439386,45.224599999999995,1.2968005508613099
10.244905111277566,11.9864,1.1699864342135684
9.594026726081372,11.1607,1.1632967385487498
8.067304684872363,9.361600000000001,1.1604371429722584
10.292991243254136,12.5525,1.2195191566131673
9.13273719373183,11.162700000000001,1.2222732093573674
8.02217628347949,10.5667,1.3171862131427587
11.142834768426912,14.573,1.3078359594178333
8.710567016417365,12.2376,1.4049142813475874
13.108489865661404,16.2486,1.2395478172176286
12.322049212922462,15.3007,1.2417333947955465
10.077891280623703,14.337,1.4226190381280546
16.41811422928926,19.4545,1.1849412014257978
11.34800180886385,14.790299999999998,1.3033395878072025
11.407337033855475,15.634,1.3705214419106182
13.560048057816292,18.2039,1.3424657436598757
13.917384905533824,17.8963,1.2858953116173486
15.869135391855503,20.0545,1.2637424475118253
15.440557708687438,19.8927,1.2883407695052116
17.815001872777,22.7808,1.278742498186947
20.03009321604441,24.2242,1.209390277854326
12.908586801651952,18.635900000000003,1.4436824329689684
15.350229686823367,21.0222,1.3695039376541351
16.4756405050309,21.769299999999998,1.321302197225817
19.793448841425224,25.958299999999998,1.3114591705550833
4.821026870322966,5.7785,1.1986035663005736
7.678289420664725,9.558399999999999,1.2448606032321856
4.936613125925781,6.6532,1.347725622868675
2.8574709875821953,4.730300000000001,1.6554148827955277
4.789446169470108,7.6473,1.596698183758077
9.559114714727322,14.7605,1.5441283466615507
11.38292041835234,17.9318,1.575325078359425
6.223432244473815,9.011700000000001,1.4480273337919067
7.145028954357334,9.9335,1.3902672842133328
14.840981577436507,20.9523,1.4117866726453485
14.429721380218528,18.4113,1.2759290020138403
11.805499430608519,20.0556,1.6988353705732402
16.403367992294317,20.690900000000003,1.2613811998682103
10.509674288157452,14.4538,1.3752852470686823
13.864848516733378,16.778599999999997,1.2101538635456446
5.040446348647167,7.2649,1.4413207675446968
7.8716503219652205,10.6379,1.3514192786633037
9.852110960110325,13.017100000000001,1.3212498369846044
6.883278209873842,8.0368,1.1675832001780007
4.290288027490427,6.4674,1.5074512383689675
5.401490420838295,7.5522,1.3981696553352254
3.7099159354143407,5.2926,1.4266091448265923
3.5377149085150204,4.1328000000000005,1.1682117148707076
9.216554155276572,12.44,1.3497452291188428
8.037698017449463,8.736799999999999,1.0869778860853965
4.686219413063085,6.3118,1.346885291458083
6.703310074049739,9.1783,1.3692190721613182
12.185272931114065,16.1205,1.3229494399618793
9.687541374076122,11.554200000000002,1.1926865190913207
12.972802445798774,15.658700000000001,1.2070406579783424
15.125129066665732,18.328599999999998,1.2117979237872685
21.532525379361246,30.9779,1.438656147118353
24.904850704958466,33.824,1.358129000679605
31.549040816146867,41.313,1.309485135879501
13.63926290282241,17.2278,1.2631034479462233
12.68655883834126,16.402099999999997,1.2928722602404716
11.312555425432242,14.6031,1.2908754433299963
12.859618553047582,14.8177,1.152265904223759
11.671581888198398,13.4279,1.1504781552856589
10.679748247963117,12.8319,1.2015170865518623
12.755384120355941,16.7487,1.313069041431002
10.367120213678344,14.4133,1.3902896564258163
13.780777674842554,19.7649,1.434236910742834
12.86169581377834,18.817,1.4630263592334323
10.725667018015598,17.8534,1.6645491576432638
16.25107054184246,24.2223,1.4905048832096084
11.289153619228772,18.3066,1.621609610203057
10.59340151989796,19.150299999999998,1.8077574010603974
12.904591770547308,20.638900000000003,1.5993454397453342
13.722193240503751,23.4694,1.7103242600261197
15.32496570218017,22.543200000000002,1.4710114487755719
14.493957771685007,20.1217,1.3882819528637784
16.887518002300983,25.2416,1.4946897463890634
19.280725262551922,28.6352,1.4851723475162446
11.442139878458525,17.3086,1.5127065552297547
13.186079130030882,17.7724,1.3478153607863552
14.898241867271325,18.5194,1.2430594270780158
18.250509391986686,22.7084,1.2442611607307057
8.097149440683031,11.2001,1.383215177396457
11.200113107080709,14.786200000000001,1.3201830962449985
8.441177287696888,9.699399999999999,1.1490577284920889
6.316571087820572,6.847600000000001,1.0840691737330945
6.431063480103284,8.6304,1.341986442320329
13.094322416860225,19.9883,1.52648601154521
14.840437494512294,23.159599999999998,1.5605739391823166
9.630384681620615,10.991,1.141283589738226
10.416929768013441,12.6394,1.2133517534898763
18.207818024913397,26.1801,1.4378493877837688
17.533598510043213,21.1172,1.2043848265319927
15.033285194273928,18.946,1.2602701109679206
19.2196625826545,25.4024,1.321688135301883
13.544648002157992,17.1597,1.2668989254845193
16.45114465267952,19.4845,1.1843856711105154
7.830271906443373,9.970799999999999,1.2733657424840163
10.78400954195153,13.3438,1.2373690831865898
12.131167911566756,15.723,1.2960829587568832
7.470824674332914,11.534600000000001,1.5439527097495365
6.372695910367762,9.0114,1.4140640204311838
4.553097489171123,5.2103,1.1443418491240165
2.68236437562832,3.2733000000000003,1.2203040085608274
3.5377149085150204,4.6908,1.3259406484987213
6.236207172696701,8.6141,1.3813043347427851
4.571800948532472,5.6804,1.2424862901836056
3.2106445972069455,5.1141000000000005,1.5928577097723426
6.077273365336001,11.601299999999998,1.9089646462461844
8.65825745098234,12.8567,1.4849061803470993
7.024198694546693,9.3756,1.3347572310673446
9.932281470163211,12.481200000000001,1.2566297116623
15.193611423348221,17.1308,1.1275002053609766
25.060229569784713,36.2057,1.4447473395715997
28.39002812027506,39.0518,1.3755463655955564
34.96979054308239,46.5409,1.3308887264469638
17.98183756893898,23.104400000000002,1.2848742466626162
16.298567787138474,22.2787,1.3669115158437768
15.400127948041629,20.4797,1.3298396006251572
15.389694975960422,20.6943,1.344685520559418
14.310978520314295,19.3045,1.3489294231416427
13.68187093367028,18.7084,1.367386090009059
13.592279428316314,21.4987,1.5816846698437144
11.76262323802278,19.1633,1.6291689032472338
12.796321544714607,18.2695,1.4277149832598601
11.80834906995256,17.3215,1.4668858362322776
10.348342126811403,16.3579,1.5807266322997287
13.453156519367251,17.1015,1.2711886593589075
9.52516161870644,15.2542,1.6014636402643623
7.632478213006339,13.537799999999999,1.7737096159580947
9.721501090416268,13.5181,1.3905362838797115
11.21687462030287,16.3487,1.457509382373623
11.986420351831779,15.4224,1.2866560280144965
10.569181628616647,13.001,1.2300857773887686
12.756371913006442,18.120900000000002,1.420537134192824
15.260566864256777,21.514400000000002,1.4098034621761608
7.063301803762105,10.1878,1.4423566036175464
7.4842930684339395,10.6516,1.4231938678249552
9.911381504003124,11.3986,1.150051584170804
13.113434200923617,15.5877,1.1886817565227965
12.606781123870778,17.076700000000002,1.3545646451865092
16.2195544939,20.6628,1.2739437453581761
14.031150581579451,17.0637,1.2161297750165818
12.052816040209784,15.8845,1.3179077774859596
12.646004043649114,21.6124,1.7090299770111061
18.380438868090927,25.864900000000002,1.4071970852068367
20.48603067055285,29.0362,1.417365836600908
15.415764801958666,23.448700000000002,1.5210857392570432
16.360755073323027,21.3923,1.3075374519163323
24.024128078308642,32.0567,1.3343543580648805
23.617481425444403,29.870099999999997,1.26474535797959
21.02054652674782,31.16,1.4823591746461073
25.424623412112247,36.4179,1.4323869978208046
19.659018026652184,25.912599999999998,1.3181024588750918
22.684894293973247,33.746300000000005,1.4876110755766434
13.997172468670485,18.7237,1.337677308892834
16.937912813533703,22.096700000000002,1.3045704180472775
18.36304077451922,24.475900000000003,1.3328892692959142
8.196622297631544,10.039200000000001,1.2247971951691465
9.647376597098635,13.204799999999999,1.368745157514762
5.335710548230557,6.8682,1.2872137530544365
5.780105225831458,7.2956,1.2621915544713187
9.216554155276572,13.4079,1.4547627859728725
6.236207172696701,9.6303,1.544255944889593
5.275862086442401,7.0781,1.341600649150569
8.73822519435403,12.974200000000002,1.4847637490943737
11.439101226162636,17.4823,1.5282931459698792
5.064798711516307,6.7867,1.3399742786556246
9.429944429939097,15.2565,1.6178780387678844
10.38618375370658,12.607899999999999,1.2139107393994009
20.280134141579076,28.3781,1.3993053399887616
30.29955221616177,42.082300000000004,1.3888753107563523
33.87522290619081,44.9284,1.326290903661897
40.64574748155348,52.4174,1.2896158453916717
18.21022871773034,23.5162,1.2913731268571884
17.212093348969947,22.6905,1.3182882256072534
15.875601247742118,20.8915,1.3159501598700876
17.17584257130529,21.106099999999998,1.2288247235836203
15.995395416376592,19.7163,1.2326234823687965
15.072649493716801,19.1202,1.2685360996399782
16.51461043827999,23.037,1.394946619303926
14.263405152556818,20.701700000000002,1.4513855407303686
16.75342332236595,22.6081,1.3494615139234267
15.77170554661361,21.6601,1.373351787223209
13.884380461176345,20.6965,1.4906318692340488
18.252370898980505,26.0562,1.4275515298374406
13.762331957898029,21.1497,1.5367817071046925
12.330449098858686,22.5095,1.825521505302146
14.583464308275392,22.4728,1.5409781602611254
15.851707537548172,25.3033,1.5962507471238478
16.951443357578047,24.3771,1.4380545352854779
15.684711356953212,21.955599999999997,1.399808992357824
17.944249225694183,27.075599999999998,1.5088733810735715
20.44398296210024,30.469099999999997,1.4903700544304241
12.227997153384521,19.1594,1.5668469463698702
12.67261202192365,16.847,1.3294023340140653
15.186904430393914,17.3368,1.1415624612283362
18.37908625308409,23.201400000000003,1.2623804949011928
12.668025377817038,17.4885,1.380522968530209
15.713308968698337,21.0745,1.341187909050946
12.807282142020968,16.8469,1.3154156996920494
10.666827560999527,13.0022,1.2189378637317765
9.453115307567044,15.403,1.629409935121619
17.51336920429876,26.2767,1.5003794925736067
19.05333514172543,29.448,1.545556186408069
13.837935054399226,17.1235,1.2374317362153147
14.445282005778257,17.3109,1.19837743514287
22.23555447803303,32.4685,1.460206446935079
21.190662931896306,25.7888,1.2169888258277446
18.90033060455407,23.6175,1.2495813165463527
22.469262941746432,30.208599999999997,1.3444410739381387
17.20705170623069,21.8312,1.2687356540048578
19.491144370468476,27.536900000000003,1.412790315263472
11.54625835003791,14.6424,1.2681510802979672
14.417731213601298,18.015400000000003,1.2495308542723256
15.031740840249647,22.065099999999997,1.4679005069670654
10.929729238743418,14.377799999999999,1.3154763202215431
10.70691812473105,15.2998,1.4289639485203702
7.593549112472836,10.5927,1.3949603595242295
6.456532305993872,9.317,1.4430346753396766
8.037698017449463,9.5219,1.1846551063909598
4.571800948532472,5.7795,1.2641626494817526
5.275862086442401,6.6497,1.260400649419553
4.94979178030216,6.762899999999999,1.3662998970811573
6.985366893899254,11.2729,1.6137878183385483
4.668935637118044,6.6591000000000005,1.4262565427246732
4.163587525290732,5.284800000000001,1.2692899976039238
5.8597695935606975,8.415,1.4360632898002073
15.27758262977406,22.1687,1.4510607166866853
29.412046100580366,42.494099999999996,1.44478557712996
32.60125720756207,45.340199999999996,1.3907500471939789
39.01724975250265,52.8292,1.3539959975423799
14.644642928436493,16.9503,1.1574403065223566
14.238131878334038,16.7529,1.17662205569908
12.649928921581752,14.9538,1.1821252192561862
14.957238343368125,18.4245,1.2318116203696934
13.787216268231166,17.0347,1.2355431051917105
12.692913133579642,16.438599999999997,1.2951006460850174
15.45124194840068,20.355400000000003,1.317395719255237
13.015713562408504,18.0201,1.3844880584991497
16.826305755453994,23.7043,1.408764368394804
15.933979497561543,22.756400000000003,1.4281680231534457
13.751818513869525,21.7928,1.5847213208944453
19.44847097821434,27.3123,1.4043417619099474
14.460039576659847,22.246,1.5384466883415437
13.802622198276374,23.7486,1.7205861073967268
16.11494960986907,23.728900000000003,1.4724774556830151
16.916701394723624,26.5595,1.5700164813622588
18.535597215554347,25.633200000000002,1.382917404921252
17.68665741388252,23.2118,1.3123904340330985
20.07629390626748,28.3317,1.411201695505928
22.48107257526249,31.7252,1.4111960136150032
14.573029626640475,20.3986,1.3997501221509898
16.054426868165674,20.8624,1.2994795872388356
17.97397882824114,21.6094,1.202260234447745
21.315314706113533,25.7985,1.2103269576686393
9.435278840921388,11.370700000000001,1.2051260160626702
11.775387640137117,13.3995,1.137924322281077
8.59421181288208,9.8386,1.144793753541503
6.556557395543767,7.611800000000001,1.1609446148024938
4.5097769308002285,5.8152,1.2894651086363451
13.261772577872934,14.914200000000001,1.1246007961925177
14.46857056998601,17.541400000000003,1.2123796138084542
9.348962339629066,10.115200000000002,1.0819596477699938
9.768285493880287,10.3026,1.0546989035542067
17.46987841032197,19.4299,1.1121943463853738
16.27822873231771,18.7805,1.1537188909696574
14.069538038421433,16.6092,1.1805078428760916
17.521048218619764,22.8436,1.3037804425264874
12.312345926976796,14.822899999999999,1.203905420454642
14.556894201464278,17.1477,1.1779779232217757
6.748187793466503,7.6341,1.1312814986256345
9.536023288842852,11.007100000000001,1.1542652179633737
10.103151378686801,14.1071,1.3963069018009338
10.459990395815778,15.474,1.4793512627114778
8.706989001419464,12.6181,1.4491921372523755
7.7382270941923395,11.689,1.5105527219242219
5.800280573858565,7.4663,1.2872308339100114
4.686219413063085,6.539,1.395367869838145
3.2106445972069455,4.7559,1.481291328270132
8.73822519435403,12.2802,1.4053425869516984
4.94979178030216,6.2177,1.2561538496919238
2.881941694741902,4.1998,1.4572813904120712
9.617610640502164,12.8587,1.336995276752918
5.124443674851969,7.1262,1.3906290032948514
8.591390943025838,11.2134,1.3051902857595614
12.002545765798187,14.5721,1.2140841021847113
24.920264543902643,29.4255,1.180786020475841
27.931569883082883,32.2717,1.1553843960466317
34.21361223449783,39.7607,1.1621310175459638
15.694296490395427,21.7226,1.3841079154643068
15.740483783661672,18.1175,1.151012907163986
14.04118735505182,16.3185,1.1621880391852215
16.86707582792676,21.8582,1.2959092745530587
15.737307985549537,20.4683,1.3006226998159152
14.595489101797599,19.8723,1.3615371065264612
17.820374939809675,23.789099999999998,1.3349382423405998
15.380657995436346,21.4537,1.3948492974985602
19.48044670692558,27.4704,1.4101524679223028
18.61661219135209,26.5225,1.4246684481250786
16.403958479948454,25.5589,1.5580934340477748
22.267015606472835,31.078400000000002,1.3957146547724057
17.247421598700843,26.0121,1.5081732565729915
16.668548957632154,27.5147,1.6506955746379854
18.976227084401494,27.495,1.4489181583730604
19.732368298498738,30.325599999999998,1.5368454278398607
21.393316937901048,29.3993,1.37422822675596
20.565941128645584,26.9779,1.3117756114950374
22.956694462040794,32.0978,1.3981891013566499
25.35713454834848,35.4913,1.3996573600352475
17.4512735742098,24.1647,1.3846955007175852
18.843146795641257,24.6285,1.30702691366269
20.837433667141504,25.3755,1.2177843205334138
24.173383771844097,29.5646,1.2230228204309284
10.99748437369239,13.8575,1.260060894757822
12.599150775618389,14.7408,1.1699836173503126
9.3179812526958,11.088,1.189957320078543
7.624127045029478,9.978399999999999,1.3087924612307427
3.9631203537457456,5.1475,1.2988502847597947
13.660298284781712,18.2166,1.3335433546348139
14.328817959033296,17.3523,1.2110070802498132
9.618749864180097,12.9975,1.3512670756105485
9.658576524482802,11.4726,1.1878147852241958
16.8866592872449,19.2408,1.1394083147359566
15.234514935326487,17.6717,1.1599778578458089
13.387986431651283,15.984399999999999,1.193936077064613
16.0102095734721,20.3905,1.273593572053283
11.449030420193477,13.7141,1.1978394236608418
12.923500066361209,17.718799999999998,1.371052726352403
6.597257385634614,9.1614,1.3886679667749136
8.850161537874758,10.382299999999999,1.1731198301373789
8.515454739678434,11.809700000000001,1.3868548845632132
13.110162661249634,19.240099999999998,1.4675714174675292
10.973986218511767,16.0518,1.4627137013278353
10.560489623512254,15.4551,1.463483280698483
8.593349393639818,10.9,1.2684227651755207
6.703310074049739,9.972700000000001,1.48772768823673
6.077273365336001,8.1895,1.3475615638275995
11.439101226162636,16.0463,1.4027588079472653
6.985366893899254,9.983799999999999,1.4292448988927782
2.881941694741902,3.4891,1.210676817773884
11.512943095372416,16.6248,1.4440095692544748
5.202947796509004,6.1879,1.1893065704314514
8.716017627894137,13.0893,1.501752355124881
9.121195623072467,11.594700000000001,1.2711820334902912
24.73741906915583,29.2364,1.1818694552680227
27.422415370650175,32.0825,1.1699370593860032
33.378877129120795,39.5716,1.1855281963777167
21.994380523236835,26.637700000000002,1.2111139012011523
20.635029890342725,25.812,1.2508826077388004
19.51032956276306,24.013,1.2307839251383343
20.076915224304457,24.227700000000002,1.2067441501506537
18.9476882843809,22.837799999999998,1.2053079857148497
18.192581481311827,22.241799999999998,1.2225752580988958
18.58194305414181,26.1586,1.407742985961277
16.635441387322775,23.8232,1.4320750165459835
17.847725710757942,25.5035,1.4289495711281266
16.86236014048389,24.7817,1.4696459922299379
15.403242455633203,23.818,1.5462978050630756
18.176079048993213,22.5337,1.2397448283131316
14.554033216562328,20.7033,1.4225129001656993
12.537097048015774,18.987,1.514465424274995
14.461993059037137,18.950400000000002,1.3103588089580853
16.086321972018457,21.780900000000003,1.3540012463934918
16.56830577696704,20.854599999999998,1.2587044372992975
14.95409318022953,18.4332,1.2326524770067715
16.900464284290717,23.553099999999997,1.3936362696197064
19.361852383254398,26.9466,1.3917366720193296
11.483253669419641,15.637,1.3617220737396014
10.533655939062612,13.3245,1.2649454355717018
13.58478408417597,17.1621,1.2633325560169197
16.379523439268546,19.678900000000002,1.2014330009639642
16.444576174717636,20.61,1.253300771088671
19.78720691378223,24.196099999999998,1.222815332423035
17.09911426208949,20.597,1.2045653174951692
14.970513236971565,19.4178,1.2970697592414735
14.115296407361926,21.8869,1.5505802618912587
21.74315175757213,29.3982,1.3520670934820649
23.474487954946888,32.5695,1.3874424039624889
18.252731988204904,26.982,1.4782444632089067
18.95340382502466,23.1676,1.222345084496708
26.762039917795526,35.59,1.3298687285917352
25.823114395366073,31.6455,1.2254718588737983
23.47921101811617,34.6933,1.4776177944493631
27.138068644945566,36.6925,1.3520674768738172
21.830983493576596,27.687900000000003,1.2682845923156283
24.157362305707807,34.0208,1.408299447989059
16.135600444411182,20.4991,1.2704268471831293
19.038566459803523,23.8721,1.253881170643893
19.69701024925703,28.5491,1.4494128620904216
13.072184321112367,17.499299999999998,1.3386668647058144
13.917570877245035,18.4213,1.3236002289823776
9.919909793557046,13.7142,1.3824924102543084
9.62221464993926,12.4385,1.2926857747949447
12.185272931114065,16.941200000000002,1.3903012345945964
8.65825745098234,13.0741,1.510015158825827
5.064798711516307,6.7959,1.34179073781304
4.668935637118044,7.1624,1.5340541306800015
9.617610640502164,13.246799999999999,1.3773483347531672
11.512943095372416,17.7568,1.542333689388014
7.4106087467785,12.1238,1.6360059496151909
6.605224058659067,8.1443,1.233008892305976
19.115462576938487,26.1953,1.3703722781787586
33.71684682700371,45.6156,1.3529023112406413
37.03240776444745,48.461800000000004,1.3086321664054805
43.54762931895776,55.9508,1.2848185050487402
19.767796630064836,27.781,1.405366542356465
19.281555563350388,26.955299999999998,1.3979836798663463
17.733407883822842,25.156299999999998,1.4185823821798307
19.78137608589725,25.370900000000002,1.2825649686771639
18.59613343549055,23.981099999999998,1.2895745281238027
17.552097096738663,23.385099999999998,1.3323251273686925
19.757780416819617,27.3019,1.3818303181848373
17.385203436836893,24.9665,1.4360775294178822
20.469968793726025,26.2013,1.2799872957320095
19.508635581531472,25.253400000000003,1.29447289609054
17.490917182706927,24.2898,1.3887093367530807
22.289774820710498,29.8093,1.3373531244605823
17.642160524871766,24.743,1.4024926235716726
16.378523797013724,26.2456,1.6024398978365393
18.66086869501235,26.225900000000003,1.4053954523033336
19.845922578640018,29.0565,1.464104270530272
21.05003206682443,28.130200000000002,1.3363495081954844
19.827835332612263,25.7087,1.296596404435287
22.101029328219077,30.8287,1.3948988321841302
24.59878535251775,34.222199999999994,1.3912150339771658
16.384989663606422,22.895599999999998,1.397352117398929
16.75340181603811,21.559099999999997,1.2868490970807713
19.33971384940523,24.1064,1.2464713897895323
22.508028450889533,27.9135,1.2401574869564747
14.498176239134423,21.7533,1.500416303485267
16.887768762606246,25.3394,1.500458725850616
13.676367621520143,16.7425,1.2241920123333927
11.672969313986979,13.6951,1.1732319028364129
8.918380540665156,11.4645,1.285491233271029
18.29294463839774,24.5336,1.3411509456221082
19.284533614233993,23.6693,1.22737217676499
14.308827632771852,15.2798,1.0678582754749457
14.564661804084254,17.7895,1.2214152473496795
22.019376733620376,25.5578,1.1606958865905121
20.436240490490263,23.988599999999998,1.1738264682862183
18.53454151065951,22.3014,1.2032345114754586
21.157821733956368,26.2701,1.2416259258786972
16.625014225690084,20.0311,1.2048771644986989
18.049015944921326,23.5984,1.3074618622983805
11.473532725461734,15.478299999999999,1.3490439579826186
13.970725850470323,16.6993,1.1953065416023334
13.687216815641545,18.1267,1.3243525140396022
14.34108366030461,17.971,1.2531131137420817
13.34310351746271,19.5646,1.4662705699910774
11.127784641886024,14.186,1.2748269719924816
9.566605582566282,13.5818,1.4197094134152257
9.687541374076122,11.9971,1.2384050335107997
7.024198694546693,8.9714,1.2772133007804911
9.429944429939097,14.7772,1.5670505918448385
4.163587525290732,5.6558,1.3583958462852466
5.124443674851969,7.506600000000001,1.464861451563685
5.202947796509004,6.545100000000001,1.2579599596197244
7.4106087467785,12.0643,1.627976919607924
3.5758191857836397,4.0870999999999995,1.142982848866927
11.705138147584274,17.604,1.5039549109151815
29.743317114899135,40.444300000000005,1.3597777222951537
32.55243566360068,43.2905,1.3298697660404672
38.57474371142989,50.7795,1.3163924141627876
23.168372874189977,30.652099999999997,1.3230147911745256
22.521444723443715,29.8265,1.3243599762919331
21.038250151449933,28.0274,1.3322115574364146
22.788008336380127,28.242099999999997,1.2393404277859876
21.600297260399735,26.8522,1.2431402992415612
20.61117909615549,26.2562,1.2738815124311569
22.350644398640434,30.173,1.3499834484340592
20.065752130083276,27.8377,1.3873240245136265
22.577795684370603,31.2838,1.385600279023523
21.59151582015648,28.7961,1.3336766274240817
19.737978248378496,27.8324,1.4100937618718103
23.801370650607907,28.314,1.189595356319399
19.517503490059678,26.4836,1.3569153459349028
17.910857908221374,24.7673,1.3828092505067224
20.08065644206294,24.7306,1.2315633242047221
21.483011082022387,27.5612,1.282930027581842
22.371105892303195,26.634900000000002,1.1905938011389847
20.935284323263982,24.2134,1.15658328905967
23.057421249261438,29.3334,1.2721891005456472
25.554904470436888,32.7269,1.2806504535307504
17.42009567029208,21.4172,1.2294536382210868
17.020783922472003,19.1048,1.1224394885112512
19.940545014740398,22.7398,1.1403800639947577
22.879979155402165,25.4592,1.1127282864673789
17.790163903526707,24.6244,1.3841581299382228
20.360604917644718,28.2105,1.3855433133792836
17.18363055241378,22.8998,1.332652021943248
15.141837563789895,19.055,1.2584337878229535
12.492084617772685,15.4796,1.2391526693612793
21.830730070240325,33.4126,1.5305305820050468
22.859632800773444,27.6844,1.211060573075492
17.864874840372405,23.3296,1.3058921603681204
18.139162211107383,21.8047,1.2020786707915347
25.579930145138324,29.5729,1.1560977622771411
23.935365290824077,28.0038,1.1699758771066513
22.089354182030757,26.3165,1.1913657494526455
24.52536905269978,30.2852,1.2348519581876045
20.16365497657616,24.0463,1.1925566088060053
21.40022717906734,27.6135,1.2903367692755234
15.048653658170341,19.4935,1.2953650501097436
17.531715753434558,20.7144,1.1815386634900202
17.10954184905943,22.1418,1.2941199826000724
16.781714204434817,21.5137,1.281972731624442
16.295395571864816,22.4357,1.3768122351529082
13.450694516504168,17.7286,1.3180434644654808
12.201918205675964,16.452900000000003,1.348386353905127
12.972802445798774,16.8977,1.3025481634056872
9.932281470163211,13.1696,1.325939064409498
10.38618375370658,12.5317,1.2065740696651681
5.8597695935606975,8.3955,1.4327355139058398
8.591390943025838,10.9456,1.274019547310348
8.716017627894137,11.3495,1.302142846026131
6.605224058659067,8.0548,1.219459011301914
3.5758191857836397,4.0689,1.137893106054327
13.73518382550658,18.341,1.3353297802931698
33.31904313887054,44.4595,1.334357046650383
36.1152734313952,47.3056,1.3098502518570712
42.08851054602813,54.794599999999996,1.30188973877031
21.506068102528864,29.656299999999998,1.378973592876922
22.475374497822656,27.2357,1.2118018323849735
20.71359651360197,25.4366,1.2280146513086987
24.317005553807245,30.643099999999997,1.2601510466490102
23.32164837078751,29.2532,1.2543367233270826
22.160753636077846,28.6572,1.2931509672733286
26.085470548825025,32.574,1.2487411311607426
23.705488626064447,30.238599999999998,1.2755948834040198
28.22862921332129,39.8917,1.4131646173302252
27.422437117448435,38.9438,1.4201436521927775
25.181569604768736,37.980199999999996,1.508253877582259
31.291540589635076,43.4997,1.3901424851676596
26.23537883588253,38.4334,1.4649454936566058
25.774168256254296,39.936,1.549458341504744
28.07404344084316,39.9163,1.4218222638328004
28.757631696860415,42.746900000000004,1.486454115923143
30.48414359118545,41.8206,1.3718804294076514
29.68626754522919,39.3991,1.3271826759619612
32.07771422135239,44.5191,1.3878513815789923
34.47376133676272,47.9126,1.3898280356459431
26.557988820878126,36.586,1.3775892537178311
27.759830643268096,37.049800000000005,1.334655116456367
29.906308453948185,37.796800000000005,1.2638403719470142
33.225825315524006,41.9859,1.2636525835336603
18.30361616526403,22.9756,1.255249224664266
18.34836336308902,25.3097,1.379398232918961
15.522511930882088,20.2061,1.3017287466083307
14.772877431873361,19.0966,1.29267978347928
10.591752284376389,14.2657,1.3468687349347241
18.320678000486232,26.1502,1.4273598389375095
17.553450728138156,24.5123,1.3964376793849895
14.904507815451925,21.7216,1.4573845892100241
14.145315550425138,20.3526,1.4388226213439472
18.394074625610546,25.7853,1.4018264318716234
15.610857891007504,22.4828,1.4402027202458245
15.333825331193715,21.0932,1.3755993396566182
14.544387416006051,19.784599999999998,1.360291047956211
13.432032774547057,19.0869,1.4209986172881142
11.800047412418026,16.2579,1.37778259966063
12.222312131557908,18.2795,1.4955844526996231
12.314202002269154,17.525,1.4231535260482688
9.576544408274954,14.8509,1.5507577020336847
21.9304724524394,31.6614,1.443717187063072
19.329352859455284,24.8367,1.2849214446333987
19.626030354287586,27.8764,1.4203789302664562
17.64262804332045,19.684900000000003,1.1157578083982087
15.125129066665732,18.7576,1.2401613181166082
15.193611423348221,16.974400000000003,1.1172064051812738
20.280134141579076,28.467599999999997,1.4037185257879867
15.27758262977406,22.405099999999997,1.4665343688821106
12.002545765798187,13.913200000000002,1.1591874150270947
9.121195623072467,13.040299999999998,1.4296700277992047
19.115462576938487,27.267,1.4264368382534351
11.705138147584274,17.6286,1.506056552065404
13.73518382550658,19.5646,1.4244148639400114
26.517429700574944,33.958800000000004,1.280621854510421
27.996823767886987,36.805,1.3146134113333312
32.53924465996698,44.294,1.361248561940188
12.81931818664213,21.3573,1.6660246425784593
15.240460593166006,24.2804,1.5931539504053838
15.374165578901659,24.943,1.622396992668655
17.67826733519964,27.2265,1.5401113403115383
18.09658245646756,27.929,1.543330077222311
17.98836197435843,29.373,1.6328890891716457
21.60294624727644,31.7495,1.4696837938946765
21.275648647019622,32.953900000000004,1.5489022471997025
25.44483430034376,35.6796,1.4022335370255474
25.53415351931352,36.935199999999995,1.4465018380994283
24.38400645853693,36.215199999999996,1.4852030186910044
29.98140369089524,42.234199999999994,1.4086798748794302
26.748313823339803,38.9402,1.4558001770572135
28.55236865916651,42.8426,1.5004919735878277
29.558210831536808,46.1802,1.5623476083582346
28.527051496099944,44.9129,1.574396849465506
30.78732359080466,44.315599999999996,1.4394106025259001
31.621198452657833,46.3001,1.4642107910400333
33.322371143372465,47.0141,1.4108869923366993
34.442765871013016,47.6939,1.3847290945974557
31.00197272549214,45.8445,1.4787607358386978
34.48142717889743,53.0999,1.5399565605131635
34.05839082368528,51.567699999999995,1.5140967835784593
36.70122688075755,51.5911,1.4057050508861655
17.727397534447547,26.0335,1.4685460710977
14.08033941275922,22.7529,1.615934057625198
16.626767854364477,26.5936,1.5994449572482157
18.765038655474626,27.6657,1.4743215032988297
20.83981789215014,25.611099999999997,1.228950278382571
11.985246284648854,18.454900000000002,1.5398014827311242
10.464318218135135,15.2317,1.4555845572053396
15.60014454453149,20.8942,1.3393593848028993
15.185987400548383,18.812,1.2387735814478997
8.197012408250501,10.5365,1.2854073502920096
10.92308727985426,13.408299999999999,1.227519258655864
11.592534465967894,15.009,1.294712562128825
12.749920410475696,16.0925,1.2621647415757942
13.630758198521711,18.1725,1.3331980316378036
14.84189175881426,19.6683,1.3251882118274745
18.271883708215316,22.3705,1.2243127395749505
15.930243681034167,19.5639,1.228097974627463
17.427579030429573,21.441599999999998,1.2303257935345873
23.658959280350842,35.245400000000004,1.489727404420189
20.915935008611196,30.8704,1.4759273246589502
25.214267655463637,34.7608,1.3786162848345804
24.537356309887706,33.8461,1.3793702782219124
21.532525379361246,30.896900000000002,1.4348943960662615
25.060229569784713,35.6804,1.4237858396564769
30.29955221616177,41.786300000000004,1.379106189487223
29.412046100580366,41.8885,1.4241953741250748
24.920264543902643,29.9865,1.20329782002001
24.73741906915583,36.0036,1.4554307342794524
33.71684682700371,45.466800000000006,1.348489087170091
29.743317114899135,40.114,1.3486727067138702
33.31904313887054,44.6959,1.3414520883361454
26.517429700574944,33.366699999999994,1.2582931444247987
4.1321520850681726,5.8683000000000005,1.4201558604789797
11.177456814432198,13.2828,1.1883561905467985
16.767596882892224,24.0928,1.436866604574779
19.257018970909375,26.829,1.3932062922370925
19.26990427160995,27.6785,1.4363589777027748
21.758972060807753,29.7752,1.3684102317329168
22.134040858255233,30.4776,1.3769559835538527
21.968070010194488,32.1085,1.461598583084438
25.697645561153553,34.2981,1.3346786933604347
25.29128866895114,35.6894,1.411134104993792
29.547655812201693,38.228199999999994,1.2937811460567261
29.616602387005717,41.673,1.4070824011293082
28.410827983857068,38.9507,1.3709808113347364
34.092311743476884,44.7828,1.3135747536559648
30.77208765724972,41.6757,1.354334501584635
32.517559877601265,45.5781,1.4016457622146208
33.59235198485419,48.7288,1.4505920878052954
32.60134154101895,47.4615,1.455814324091051
34.87083419593439,46.8642,1.3439368767800777
35.666906207440135,48.848800000000004,1.369583325110775
37.40414949314499,49.5627,1.3250588683772448
38.55664387598654,50.2425,1.3030828139917938
34.9387340207901,48.58,1.3904338941157037
38.36854487472404,51.814099999999996,1.3504317187210677
38.05506716245523,54.1163,1.4220524107599166
40.7491145860009,54.1397,1.328610463074929
21.415540610610105,28.769,1.343370243277758
17.712009457726865,25.488400000000002,1.4390462053914885
19.968312112447382,29.329099999999997,1.4687821301489725
22.075176547990875,30.4012,1.377166788854828
23.648841317971577,28.3465,1.1986422344700036
15.497381773531796,21.1904,1.3673535510489516
13.559239409193294,17.967200000000002,1.325089074525675
18.78275505048378,23.6297,1.258052928683185
18.17664597631293,21.5475,1.1854497264280677
10.536366612233133,13.272,1.2596372628673238
12.605919996320946,16.1438,1.2806522653413308
14.035534276399577,17.7445,1.2642553999413446
13.553525006299399,18.828,1.3891589081990945
16.008678095928115,20.9079,1.3060353812297611
16.208022753644922,22.4038,1.3822660752966767
21.19046251944395,25.106,1.1847782924494088
18.58356024605002,22.2993,1.199947679817691
19.5305818290741,24.1771,1.2379098693316388
27.540977319915182,37.9809,1.37906870765024
24.672389985303706,33.6059,1.362085311557478
28.90893757078615,37.496300000000005,1.2970487036469922
28.09525104497119,36.5816,1.3020563490052102
24.904850704958466,33.632400000000004,1.350435720271309
28.39002812027506,38.4159,1.3531476558335938
33.87522290619081,44.521800000000006,1.314288030614361
32.60125720756207,44.624,1.3687815692472491
27.931569883082883,32.722,1.1715059388702138
27.422415370650175,38.7391,1.4126800822024568
37.03240776444745,48.2023,1.3016247905510503
32.55243566360068,42.8495,1.3163223926716254
36.1152734313952,47.431400000000004,1.313333542665847
27.996823767886987,36.102199999999996,1.289510563745094
4.1321520850681726,5.8771,1.4222855013583169
7.081589977459521,7.8528,1.1089035124873392
23.827278863652182,31.702900000000003,1.3305296077413964
26.333689884158925,33.075900000000004,1.2560298289187672
26.304118171268566,34.563199999999995,1.3139843645377418
28.838949412595706,36.0221,1.2490780952050555
29.213703532617043,36.7245,1.2570984010636368
29.032920712032833,36.8143,1.2680191691751543
32.774019312963375,40.545,1.2371079547134736
32.365651710389415,43.2995,1.3378225900546539
36.620215898859854,44.4751,1.2144958435754252
36.69671329121089,45.7307,1.246179722884142
35.48729615708542,46.5608,1.3120413511893787
41.15882853136209,52.9946,1.287563370750927
37.8473462865735,59.4036,1.5695578641156585
39.5701133896412,60.3069,1.5240517358685999
40.66979221291084,56.940599999999996,1.4000710822890288
39.68262898199947,55.673300000000005,1.4029640028450256
41.95092355293683,55.0761,1.3128697853457465
42.746508012101074,57.0606,1.3348599137933503
44.48462307486875,57.7745,1.298752153137592
45.62007880466961,58.4543,1.2813283433876204
41.9755114490653,60.1001,1.4317895821931264
45.37320728645938,63.8603,1.4074451382029076
45.11951823784382,62.3281,1.3813999447299627
47.828816052263846,62.3515,1.3036387923938326
28.323932060915766,36.379,1.284390879125128
24.607466903916258,33.0984,1.345055146441441
26.637360125953965,36.939099999999996,1.3867402710078838
28.69460142509373,38.011300000000006,1.3246847181072439
29.79380349786285,35.9566,1.2068482630147983
22.341183999572795,28.8004,1.2891169957935407
20.172966464384732,25.5773,1.2678997927824147
25.344171376349887,31.2398,1.2326226624695122
24.59428714375746,29.1575,1.1855395454062094
16.78668977524542,20.882,1.2439617506242209
18.157814546783992,23.7538,1.3081860671501975
20.144403374059724,25.354599999999998,1.2586423896102839
18.12147501813098,26.438,1.458932011524897
21.96857550382895,28.518,1.2981269538859967
21.15520779848611,30.013900000000003,1.4187475862159968
27.483659381228048,32.7161,1.1903836947690387
24.698268346045694,29.9094,1.2109917821339338
25.079362148256852,31.787200000000002,1.267464451930225
34.55390026932282,45.591,1.3194169006870693
31.613044805747965,41.215900000000005,1.3037624263419898
35.79232655921797,45.1064,1.260225426401718
34.873982718439386,44.1916,1.267179615152874
31.549040816146867,41.2425,1.307250519606669
34.96979054308239,46.026,1.31616458907
40.64574748155348,52.1319,1.282591740345269
39.01724975250265,52.2341,1.3387437692645057
34.21361223449783,40.3321,1.17883197259519
33.378877129120795,46.349199999999996,1.3885787655679849
43.54762931895776,55.8123,1.281638079336342
38.57474371142989,50.4596,1.3080994232256835
42.08851054602813,55.0414,1.3077535718401474
32.53924465996698,43.712199999999996,1.3433686140163879
11.177456814432198,13.4052,1.1993068031979661
7.081589977459521,7.9738,1.1259900707864132
